Date,06614800,06746095,07083000,07105945,09034900,09035800,09035900,09047700,09065500,09066000,09066200,09066300,09081600,09107000,09306242,09352900,WY
1978-09-01,-1.8640564580766619,,,,,,,,,,,,,,,,1978
1978-12-01,0.21846666254273706,,,,,,,,,,,,,,,,1979
1979-03-01,-0.09467426160736908,,,,,,,,,,,,,,,,1979
1979-06-01,3.7590012944148836,,,,,,,,,,,,,,,,1979
1979-09-01,-0.48343765172385617,,,,,,,,,,,,,,,,1979
1979-12-01,0.3521713389341537,,,,,,,,,,,,,,,,1980
1980-03-01,-0.06271346307506372,,,,,,,,,,,,,,,,1980
1980-06-01,-0.7182121471803546,,,,,,,,,,,,,,,,1980
1980-09-01,-0.3949743281146797,,,,,,,,,,,,,,,,1980
1980-12-01,-1.2044714397566652,,,,,,,,,,,,,,,,1981
1981-03-01,0.3723956013085124,,,,,,,,,,,,,,,,1981
1981-06-01,0.3763288524319317,,,,,,,,,,,,,,,,1981
1981-09-01,0.09656697390029415,,,,,,,,,,,,,,,,1981
1981-12-01,0.4595484731502405,,,,,,,,,,,,,,,,1982
1982-03-01,0.2677994531845418,,,,,,,,,,,,,,,,1982
1982-06-01,-0.04964185267907239,,,,,,,,,,,,,,,,1982
1982-09-01,0.5588355798329417,,,,,,,,,,,,,,,,1982
1982-12-01,-0.36321707738713843,,,,,,,,,,,,,,,,1983
1983-03-01,1.4030561526308287,,,,,,,,,,,,,,,,1983
1983-06-01,1.9155024752238123,,,,,,,,,,,,,,,,1983
1983-09-01,0.2719019483496888,,,,,,,,,,,,,,,,1983
1983-12-01,0.21432318605661171,,,,,,,,,,,,,,,,1984
1984-03-01,0.12371848745880464,,,,,,,,,,,,,,,,1984
1984-06-01,1.1174506084673113,,,,,,,,,,,,,,,,1984
1984-09-01,1.0897857280824168,,,,,,,,,,,,,,,,1984
1984-12-01,-0.3829073880124477,,,,,,,,,,,,,,,,1985
1985-03-01,-0.29296641061463846,,,,,,,,,,,,,,,,1985
1985-06-01,0.07307795541408203,,,,,,,,,,,,,,,,1985
1985-09-01,1.6484378861034519,,,,,,,,,,,,,,,,1985
1985-12-01,0.637868125835061,,,,,,,,,,,,,,,,1986
1986-03-01,-0.056674122863665445,,,,,,,,,,,,,,,,1986
1986-06-01,-0.03994678385530602,,,,,,,,,,,,,,,,1986
1986-09-01,0.2171221777105823,,,,,,,,,,,,,,,,1986
1986-12-01,-1.1711996936466735,,,,,,,,,,,,,,,,1987
1987-03-01,-0.6757437249964322,,,,,,,,,,,,,,,,1987
1987-06-01,-0.16883104896855747,,,,,,,,,,,,,,,,1987
1987-09-01,-0.772160526929848,,,,,,,,,,,,,,,,1987
1987-12-01,0.5256980485564624,,,,,,,,,,,,,,,,1988
1988-03-01,0.00805900838144264,,,,,,,,,,,,,,,,1988
1988-06-01,-1.1865289563385517,,,,,,,,,,,,,,,,1988
1988-09-01,-0.5645574179164826,,,,,,,,,,,,,,,,1988
1988-12-01,-0.003447114946287439,,,,,,,,,,,,,,,,1989
1989-03-01,-0.565076361708409,,,,,,,,,,,,,,,,1989
1989-06-01,0.3436426002600605,,,,,,,,,,,,,,,,1989
1989-09-01,-0.4371390689606596,,,,,,,,,,,,,,,,1989
1989-12-01,0.0908153301687661,,,,,,,,,,,,,,,,1990
1990-03-01,0.5724646394780505,,,,,,,,,,,,,,,,1990
1990-06-01,-0.29603468462126825,,,,,,,,,,,,,,,,1990
1990-09-01,-0.2277624278905095,,,,,,,,,,,,,,,,1990
1990-12-01,-0.2902117754178904,,,,,,,,,,,,,,,,1991
1991-03-01,0.22635252386008964,,,,,,,,,,,,,,,,1991
1991-06-01,0.46817395025074054,,,,,,,,,,,,,,,,1991
1991-09-01,-0.22666787345647582,,,,,,,,,,,,,,,,1991
1991-12-01,-0.6979288935844916,,,,,,,,,,,,,,,,1992
1992-03-01,0.29320163199395993,,,,,,,,,,,,,,,,1992
1992-06-01,0.29707529940156524,,,,,,,,,,,,,,,,1992
1992-09-01,-0.31805246632278794,,,,,,,,,,,,,,,,1992
1992-12-01,0.4301369110177646,,,,,,,,,,,,,,,,1993
1993-03-01,0.4385415782962511,,,,,,,,,,,,,,,,1993
1993-06-01,0.0422032451397356,,,,,,,,,,,,,,,,1993
1993-09-01,0.42927625140486975,,,,,,,,,,,,,,,,1993
1993-12-01,-0.17831884441762477,,,,,,,,,,,,,,,,1994
1994-03-01,-0.9170546553755493,,,,,,,,,,,,,,,,1994
1994-06-01,-0.8742743813788576,,,,,,,,,,,,,,,,1994
1994-09-01,-0.38780702506098763,,,,,,,,,,,,,,,,1994
1994-12-01,-0.4353081201912755,,,,,,,,,,,,,,,,1995
1995-03-01,1.317328351047903,,,,,,,,,,,,,,,,1995
1995-06-01,0.4615791213483909,,,,,,,,,,,,,,,,1995
1995-09-01,1.1815600793530658,,,,,,,,,,,,,,,,1995
1995-12-01,0.3320657831818384,,,,,,,,,,,,,,,,1996
1996-03-01,-0.09301178349616476,,,,,,,,,,,,,,,,1996
1996-06-01,-0.6750093287401019,,,,,,,,,,,,,,,,1996
1996-09-01,0.45603259674588664,,,,,,,,,,,,,,,,1996
1996-12-01,1.062054934580785,,,,,,,,,,,,,,,,1997
1997-03-01,0.03541072095702435,,,,,,,,,,,,,,,,1997
1997-06-01,0.2627076118948635,,,,,,,,,,,,,,,,1997
1997-09-01,0.6516031733754886,,,,,,,,,,,,,,,,1997
1997-12-01,-0.21514740428947524,,,,,,,,,,,,,,,,1998
1998-03-01,-0.5851849026329122,,,,,,,,,,,,,,,,1998
1998-06-01,1.0999677082058243,,,,,,,,,,,,,,,,1998
1998-09-01,0.010101566106578598,,,,,,,,,,,,,,,,1998
1998-12-01,0.3268418268307863,,,,,,,,,,,,,,,,1999
1999-03-01,-0.34710366532147613,,,,,,,,,,,,,,,,1999
1999-06-01,-0.009014818538031153,,,,,,,,,,,,,,,,1999
1999-09-01,-0.9478054856341034,,,,,,,,,,,,,,,,1999
1999-12-01,0.7462443469959905,,,,,,,,,,,,,,,,2000
2000-03-01,0.33042144485169583,,,,,,,,,,,,,,,,2000
2000-06-01,-0.2448526437662391,,,,,,,,,,,,,,,,2000
2000-09-01,-0.3210542827056093,,,,,,,,,,,,,,,,2000
2000-12-01,-0.48302863391436474,,,,,,,,,,,,,,,,2001
2001-03-01,-0.4575727105342491,,,,,,,,,,,,,,,,2001
2001-06-01,-0.6460190118830418,,,,,,,,,,,,,,,,2001
2001-09-01,-0.26691019224218243,,,,,,,,,,,,,,,,2001
2001-12-01,-0.5810341218580072,,,,,,,,,,,,,,,,2002
2002-03-01,-0.8216189883964864,,,,,,,,,,,,,,,,2002
2002-06-01,-0.6576933637383374,,,,,,,,,,,,,,,,2002
2002-09-01,-0.11328502607037526,,,,,,,,,,,,,,,,2002
2002-12-01,0.008096656679404882,,,,,,,,,,,,,,,,2003
2003-03-01,1.2512115071612713,,,,,,,,,,,,,,,,2003
2003-06-01,0.44745989763086214,,,,,,,,,,,,,,,,2003
2003-09-01,-0.5000312555295325,,,,,,,,,,,,,,,,2003
2003-12-01,-0.8481708692703984,,,,,,,,,,,,,,,,2004
2004-03-01,-0.6636192207386893,,,,,,,,,,,,,,,,2004
2004-06-01,0.09329039638051882,,,,,,,,,,,,,,,,2004
2004-09-01,-0.02097125341568551,,,,,,,,,,,,,,,,2004
2004-12-01,-0.7978066113152126,,,,,,,,,,,,,,,,2005
2005-03-01,-0.17338219728886176,,,,,,,,,,,,,,,,2005
2005-06-01,-0.013534668920316444,,,,,,,,,,,,,,,,2005
2005-09-01,-0.01403338749117326,,,,,,,,,,,,,,,,2005
2005-12-01,-0.03105529551762625,,,,,,,,,,,,,,,,2006
2006-03-01,-0.8481536695779193,,,,,,,,,,,,,,,,2006
2006-06-01,0.5702525572437799,,,,,,,,,,,,,,,,2006
2006-09-01,0.43308362442505827,,,,,,,,,,,,,,,,2006
2006-12-01,-0.28380853624308866,,,,,,,,,,,,,,,,2007
2007-03-01,-0.7071812668291726,,,,,,,,,,,,,,,,2007
2007-06-01,-0.1948864494153413,,,,,,,,,,,,,,,,2007
2007-09-01,0.4290353830040242,,,,,,,,,,,,,,,,2007
2007-12-01,0.6032300422724666,,,,,,,,,,,,,,,,2008
2008-03-01,0.011031121459677846,,,,,,,,,,,,,,,,2008
2008-06-01,-0.32562069687172135,,,,,,,,,,,,,,,,2008
2008-09-01,-0.05691940900901445,,,,,,,,,,,,,,,,2008
2008-12-01,0.2064201369350347,,,,,,,,,,,,,,,,2009
2009-03-01,-0.14182352536543322,,,,,,,,,,,,,,,,2009
2009-06-01,0.10457039917630394,,,,,,,,,,,,,,,,2009
2009-09-01,-0.37528825405950333,,,,,,,,,,,,,,,,2009
2009-12-01,-0.48560021881795323,,,,,,,,,,,,,,,,2010
2010-03-01,0.05099062331923844,,,,,,,,,,,,,,,,2010
2010-06-01,-0.10438891641193253,,,,,,,,,,,,,,,,2010
2010-09-01,0.7893193182893287,,,,,,,,,,,,,,,,2010
2010-12-01,0.5830144610634315,,,,,,,,,,,,,,,,2011
2011-03-01,1.6856308784779648,,,,,,,,,,,,,,,,2011
2011-06-01,0.15750592101163513,,,,,,,,,,,,,,,,2011
2011-09-01,0.11501893728272759,,,,,,,,,,,,,,,,2011
2011-12-01,-0.6338298063566865,,,,,,,,,,,,,,,,2012
2012-03-01,-1.406113863421456,,,,,,,,,,,,,,,,2012
2012-06-01,-0.09125893127302634,,,,,,,,,,,,,,,,2012
2012-09-01,-0.437982648252853,,,,,,,,,,,,,,,,2012
2012-12-01,-0.2286011812818914,,,,,,,,,,,,,,,,2013
2013-03-01,0.25174212471298935,,,,,,,,,,,,,,,,2013
2013-06-01,-0.5760669844912156,,,,,,,,,,,,,,,,2013
2013-09-01,0.8569581644077624,,,,,,,,,,,,,,,,2013
2013-12-01,0.9152836223194584,,,,,,,,,,,,,,,,2014
2014-03-01,0.4212898792761894,,,,,,,,,,,,,,,,2014
2014-06-01,0.5164595151410925,,,,,,,,,,,,,,,,2014
2014-09-01,0.7866051751724984,,,,,,,,,,,,,,,,2014
2014-12-01,-0.2276159524236194,,,,,,,,,,,,,,,,2015
2015-03-01,-0.21485963064019753,,,,,,,,,,,,,,,,2015
2015-06-01,-0.2635153677091136,,,,,,,,,,,,,,,,2015
2015-09-01,-0.2666908618539987,,,,,,,,,,,,,,,,2015
2015-12-01,-0.2634685419072715,,,,,,,,,,,,,,,,2016
2016-03-01,0.5517382453573777,,,,,,,,,,,,,,,,2016
2016-06-01,-0.749742225513889,,,,,,,,,,,,,,,,2016
2016-09-01,-0.7054444826986211,,,,,,,,,,,,,,,,2016
2016-12-01,1.1856095339366,,,,,,,,,,,,,,,,2017
2017-03-01,-0.3250330126742897,,,,,,,,,,,,,,,,2017
2017-06-01,-0.4108709657881805,,,,,,,,,,,,,,,,2017
2017-09-01,0.38711656392938465,,,,,,,,,,,,,,,,2017
2017-12-01,0.10801214998977224,,,,,,,,,,,,,,,,2018
2018-03-01,-0.015819890822352627,,,,,,,,,,,,,,,,2018
2018-06-01,-0.33096285057291475,,,,,,,,,,,,,,,,2018
2018-09-01,0.16757718132389735,,,,,,,,,,,,,,,,2018
2018-12-01,-0.2377719961894218,,,,,,,,,,,,,,,,2019
2019-03-01,0.29276417080267525,,,,,,,,,,,,,,,,2019
2019-06-01,0.2323337073996673,,,,,,,,,,,,,,,,2019
2019-09-01,-0.47151148487272765,,,,,,,,,,,,,,,,2019
2019-12-01,0.76252298488195,,,,,,,,,,,,,,,,2020
2020-03-01,-0.4977772144267378,,,,,,,,,,,,,,,,2020
2020-06-01,-0.6326640305671998,,,,,,,,,,,,,,,,2020
2020-09-01,-0.8297918994176082,,,,,,,,,,,,,,,,2020
2020-12-01,0.024654057844652556,,,,,,,,,,,,,,,,2021
2021-03-01,-0.2597219931510647,,,,,,,,,,,,,,,,2021
2021-06-01,-0.40272641986226815,,,,,,,,,,,,,,,,2021
2021-09-01,-0.043113344568468256,,,,,,,,,,,,,,,,2021
2021-12-01,0.255925634888866,,,,,,,,,,,,,,,,2022
2022-03-01,0.25495923982415614,,,,,,,,,,,,,,,,2022
2022-06-01,-0.18390429431625768,,,,,,,,,,,,,,,,2022
2022-09-01,-0.4338088408707999,,,,,,,,,,,,,,,,2022
1978-09-01,,-1.8640564580766619,,,,,,,,,,,,,,,1978
1978-12-01,,0.2184666625427375,,,,,,,,,,,,,,,1979
1979-03-01,,-0.09467426160736857,,,,,,,,,,,,,,,1979
1979-06-01,,3.759001294414882,,,,,,,,,,,,,,,1979
1979-09-01,,-0.48343765172385617,,,,,,,,,,,,,,,1979
1979-12-01,,0.3521713389341536,,,,,,,,,,,,,,,1980
1980-03-01,,-0.06271346307506354,,,,,,,,,,,,,,,1980
1980-06-01,,-0.7182121471803548,,,,,,,,,,,,,,,1980
1980-09-01,,-0.3949743281146796,,,,,,,,,,,,,,,1980
1980-12-01,,-1.2044714397566652,,,,,,,,,,,,,,,1981
1981-03-01,,0.3723956013085127,,,,,,,,,,,,,,,1981
1981-06-01,,0.3763288524319314,,,,,,,,,,,,,,,1981
1981-09-01,,0.09656697390029417,,,,,,,,,,,,,,,1981
1981-12-01,,0.4595484731502405,,,,,,,,,,,,,,,1982
1982-03-01,,0.2677994531845424,,,,,,,,,,,,,,,1982
1982-06-01,,-0.0496418526790727,,,,,,,,,,,,,,,1982
1982-09-01,,0.5588355798329417,,,,,,,,,,,,,,,1982
1982-12-01,,-0.36321707738713827,,,,,,,,,,,,,,,1983
1983-03-01,,1.4030561526308296,,,,,,,,,,,,,,,1983
1983-06-01,,1.9155024752238121,,,,,,,,,,,,,,,1983
1983-09-01,,0.271901948349689,,,,,,,,,,,,,,,1983
1983-12-01,,0.2143231860566124,,,,,,,,,,,,,,,1984
1984-03-01,,0.1237184874588048,,,,,,,,,,,,,,,1984
1984-06-01,,1.1174506084673113,,,,,,,,,,,,,,,1984
1984-09-01,,1.089785728082417,,,,,,,,,,,,,,,1984
1984-12-01,,-0.3829073880124475,,,,,,,,,,,,,,,1985
1985-03-01,,-0.29296641061463796,,,,,,,,,,,,,,,1985
1985-06-01,,0.07307795541408169,,,,,,,,,,,,,,,1985
1985-09-01,,1.6484378861034519,,,,,,,,,,,,,,,1985
1985-12-01,,0.6378681258350615,,,,,,,,,,,,,,,1986
1986-03-01,,-0.056674122863665015,,,,,,,,,,,,,,,1986
1986-06-01,,-0.039946783855306166,,,,,,,,,,,,,,,1986
1986-09-01,,0.21712217771058237,,,,,,,,,,,,,,,1986
1986-12-01,,-1.1711996936466733,,,,,,,,,,,,,,,1987
1987-03-01,,-0.6757437249964318,,,,,,,,,,,,,,,1987
1987-06-01,,-0.16883104896855758,,,,,,,,,,,,,,,1987
1987-09-01,,-0.7721605269298479,,,,,,,,,,,,,,,1987
1987-12-01,,0.5256980485564628,,,,,,,,,,,,,,,1988
1988-03-01,,0.008059008381442719,,,,,,,,,,,,,,,1988
1988-06-01,,-1.186528956338552,,,,,,,,,,,,,,,1988
1988-09-01,,-0.5645574179164825,,,,,,,,,,,,,,,1988
1988-12-01,,-0.0034471149462871825,,,,,,,,,,,,,,,1989
1989-03-01,,-0.5650763617084085,,,,,,,,,,,,,,,1989
1989-06-01,,0.34364260026006027,,,,,,,,,,,,,,,1989
1989-09-01,,-0.4371390689606593,,,,,,,,,,,,,,,1989
1989-12-01,,0.0908153301687662,,,,,,,,,,,,,,,1990
1990-03-01,,0.5724646394780508,,,,,,,,,,,,,,,1990
1990-06-01,,-0.2960346846212687,,,,,,,,,,,,,,,1990
1990-09-01,,-0.22776242789050938,,,,,,,,,,,,,,,1990
1990-12-01,,-0.29021177541789006,,,,,,,,,,,,,,,1991
1991-03-01,,0.22635252386008978,,,,,,,,,,,,,,,1991
1991-06-01,,0.46817395025074005,,,,,,,,,,,,,,,1991
1991-09-01,,-0.22666787345647588,,,,,,,,,,,,,,,1991
1991-12-01,,-0.6979288935844917,,,,,,,,,,,,,,,1992
1992-03-01,,0.29320163199396077,,,,,,,,,,,,,,,1992
1992-06-01,,0.29707529940156496,,,,,,,,,,,,,,,1992
1992-09-01,,-0.3180524663227877,,,,,,,,,,,,,,,1992
1992-12-01,,0.4301369110177646,,,,,,,,,,,,,,,1993
1993-03-01,,0.43854157829625146,,,,,,,,,,,,,,,1993
1993-06-01,,0.04220324513973548,,,,,,,,,,,,,,,1993
1993-09-01,,0.42927625140486986,,,,,,,,,,,,,,,1993
1993-12-01,,-0.17831884441762458,,,,,,,,,,,,,,,1994
1994-03-01,,-0.917054655375549,,,,,,,,,,,,,,,1994
1994-06-01,,-0.8742743813788579,,,,,,,,,,,,,,,1994
1994-09-01,,-0.38780702506098746,,,,,,,,,,,,,,,1994
1994-12-01,,-0.4353081201912755,,,,,,,,,,,,,,,1995
1995-03-01,,1.3173283510479037,,,,,,,,,,,,,,,1995
1995-06-01,,0.4615791213483906,,,,,,,,,,,,,,,1995
1995-09-01,,1.1815600793530654,,,,,,,,,,,,,,,1995
1995-12-01,,0.3320657831818387,,,,,,,,,,,,,,,1996
1996-03-01,,-0.09301178349616457,,,,,,,,,,,,,,,1996
1996-06-01,,-0.6750093287401021,,,,,,,,,,,,,,,1996
1996-09-01,,0.4560325967458867,,,,,,,,,,,,,,,1996
1996-12-01,,1.0620549345807855,,,,,,,,,,,,,,,1997
1997-03-01,,0.035410720957024466,,,,,,,,,,,,,,,1997
1997-06-01,,0.2627076118948632,,,,,,,,,,,,,,,1997
1997-09-01,,0.6516031733754888,,,,,,,,,,,,,,,1997
1997-12-01,,-0.2151474042894752,,,,,,,,,,,,,,,1998
1998-03-01,,-0.585184902632912,,,,,,,,,,,,,,,1998
1998-06-01,,1.0999677082058243,,,,,,,,,,,,,,,1998
1998-09-01,,0.010101566106578676,,,,,,,,,,,,,,,1998
1998-12-01,,0.32684182683078666,,,,,,,,,,,,,,,1999
1999-03-01,,-0.3471036653214755,,,,,,,,,,,,,,,1999
1999-06-01,,-0.009014818538031384,,,,,,,,,,,,,,,1999
1999-09-01,,-0.9478054856341034,,,,,,,,,,,,,,,1999
1999-12-01,,0.7462443469959908,,,,,,,,,,,,,,,2000
2000-03-01,,0.3304214448516963,,,,,,,,,,,,,,,2000
2000-06-01,,-0.2448526437662394,,,,,,,,,,,,,,,2000
2000-09-01,,-0.3210542827056092,,,,,,,,,,,,,,,2000
2000-12-01,,-0.48302863391436457,,,,,,,,,,,,,,,2001
2001-03-01,,-0.4575727105342487,,,,,,,,,,,,,,,2001
2001-06-01,,-0.646019011883042,,,,,,,,,,,,,,,2001
2001-09-01,,-0.2669101922421824,,,,,,,,,,,,,,,2001
2001-12-01,,-0.5810341218580068,,,,,,,,,,,,,,,2002
2002-03-01,,-0.8216189883964858,,,,,,,,,,,,,,,2002
2002-06-01,,-0.6576933637383376,,,,,,,,,,,,,,,2002
2002-09-01,,-0.11328502607037534,,,,,,,,,,,,,,,2002
2002-12-01,,0.008096656679405356,,,,,,,,,,,,,,,2003
2003-03-01,,1.2512115071612715,,,,,,,,,,,,,,,2003
2003-06-01,,0.4474598976308619,,,,,,,,,,,,,,,2003
2003-09-01,,-0.5000312555295322,,,,,,,,,,,,,,,2003
2003-12-01,,-0.8481708692703981,,,,,,,,,,,,,,,2004
2004-03-01,,-0.663619220738689,,,,,,,,,,,,,,,2004
2004-06-01,,0.09329039638051871,,,,,,,,,,,,,,,2004
2004-09-01,,-0.020971253415685478,,,,,,,,,,,,,,,2004
2004-12-01,,-0.7978066113152121,,,,,,,,,,,,,,,2005
2005-03-01,,-0.17338219728886117,,,,,,,,,,,,,,,2005
2005-06-01,,-0.013534668920316947,,,,,,,,,,,,,,,2005
2005-09-01,,-0.014033387491173182,,,,,,,,,,,,,,,2005
2005-12-01,,-0.031055295517626293,,,,,,,,,,,,,,,2006
2006-03-01,,-0.8481536695779187,,,,,,,,,,,,,,,2006
2006-06-01,,0.57025255724378,,,,,,,,,,,,,,,2006
2006-09-01,,0.4330836244250585,,,,,,,,,,,,,,,2006
2006-12-01,,-0.28380853624308844,,,,,,,,,,,,,,,2007
2007-03-01,,-0.707181266829172,,,,,,,,,,,,,,,2007
2007-06-01,,-0.19488644941534153,,,,,,,,,,,,,,,2007
2007-09-01,,0.4290353830040245,,,,,,,,,,,,,,,2007
2007-12-01,,0.6032300422724668,,,,,,,,,,,,,,,2008
2008-03-01,,0.011031121459677922,,,,,,,,,,,,,,,2008
2008-06-01,,-0.32562069687172157,,,,,,,,,,,,,,,2008
2008-09-01,,-0.05691940900901449,,,,,,,,,,,,,,,2008
2008-12-01,,0.20642013693503486,,,,,,,,,,,,,,,2009
2009-03-01,,-0.14182352536543277,,,,,,,,,,,,,,,2009
2009-06-01,,0.10457039917630402,,,,,,,,,,,,,,,2009
2009-09-01,,-0.37528825405950333,,,,,,,,,,,,,,,2009
2009-12-01,,-0.48560021881795307,,,,,,,,,,,,,,,2010
2010-03-01,,0.05099062331923873,,,,,,,,,,,,,,,2010
2010-06-01,,-0.1043889164119328,,,,,,,,,,,,,,,2010
2010-09-01,,0.7893193182893283,,,,,,,,,,,,,,,2010
2010-12-01,,0.5830144610634311,,,,,,,,,,,,,,,2011
2011-03-01,,1.6856308784779654,,,,,,,,,,,,,,,2011
2011-06-01,,0.1575059210116348,,,,,,,,,,,,,,,2011
2011-09-01,,0.11501893728272791,,,,,,,,,,,,,,,2011
2011-12-01,,-0.6338298063566863,,,,,,,,,,,,,,,2012
2012-03-01,,-1.4061138634214558,,,,,,,,,,,,,,,2012
2012-06-01,,-0.09125893127302669,,,,,,,,,,,,,,,2012
2012-09-01,,-0.437982648252853,,,,,,,,,,,,,,,2012
2012-12-01,,-0.2286011812818914,,,,,,,,,,,,,,,2013
2013-03-01,,0.25174212471298973,,,,,,,,,,,,,,,2013
2013-06-01,,-0.5760669844912157,,,,,,,,,,,,,,,2013
2013-09-01,,0.8569581644077623,,,,,,,,,,,,,,,2013
2013-12-01,,0.9152836223194584,,,,,,,,,,,,,,,2014
2014-03-01,,0.42128987927618966,,,,,,,,,,,,,,,2014
2014-06-01,,0.5164595151410917,,,,,,,,,,,,,,,2014
2014-09-01,,0.7866051751724982,,,,,,,,,,,,,,,2014
2014-12-01,,-0.2276159524236192,,,,,,,,,,,,,,,2015
2015-03-01,,-0.21485963064019706,,,,,,,,,,,,,,,2015
2015-06-01,,-0.26351536770911366,,,,,,,,,,,,,,,2015
2015-09-01,,-0.26669086185399854,,,,,,,,,,,,,,,2015
2015-12-01,,-0.2634685419072713,,,,,,,,,,,,,,,2016
2016-03-01,,0.5517382453573783,,,,,,,,,,,,,,,2016
2016-06-01,,-0.7497422255138891,,,,,,,,,,,,,,,2016
2016-09-01,,-0.7054444826986208,,,,,,,,,,,,,,,2016
2016-12-01,,1.1856095339365995,,,,,,,,,,,,,,,2017
2017-03-01,,-0.32503301267428897,,,,,,,,,,,,,,,2017
2017-06-01,,-0.4108709657881809,,,,,,,,,,,,,,,2017
2017-09-01,,0.3871165639293848,,,,,,,,,,,,,,,2017
2017-12-01,,0.108012149989772,,,,,,,,,,,,,,,2018
2018-03-01,,-0.01581989082235224,,,,,,,,,,,,,,,2018
2018-06-01,,-0.33096285057291486,,,,,,,,,,,,,,,2018
2018-09-01,,0.1675771813238975,,,,,,,,,,,,,,,2018
2018-12-01,,-0.23777199618942138,,,,,,,,,,,,,,,2019
2019-03-01,,0.29276417080267597,,,,,,,,,,,,,,,2019
2019-06-01,,0.23233370739966674,,,,,,,,,,,,,,,2019
2019-09-01,,-0.47151148487272765,,,,,,,,,,,,,,,2019
2019-12-01,,0.7625229848819501,,,,,,,,,,,,,,,2020
2020-03-01,,-0.4977772144267375,,,,,,,,,,,,,,,2020
2020-06-01,,-0.6326640305672001,,,,,,,,,,,,,,,2020
2020-09-01,,-0.8297918994176081,,,,,,,,,,,,,,,2020
2020-12-01,,0.02465405784465299,,,,,,,,,,,,,,,2021
2021-03-01,,-0.25972199315106415,,,,,,,,,,,,,,,2021
2021-06-01,,-0.4027264198622684,,,,,,,,,,,,,,,2021
2021-09-01,,-0.04311334456846823,,,,,,,,,,,,,,,2021
2021-12-01,,0.2559256348888661,,,,,,,,,,,,,,,2022
2022-03-01,,0.2549592398241562,,,,,,,,,,,,,,,2022
2022-06-01,,-0.18390429431625788,,,,,,,,,,,,,,,2022
2022-09-01,,-0.43380884087079996,,,,,,,,,,,,,,,2022
1978-09-01,,,-1.8640564580766619,,,,,,,,,,,,,,1978
1978-12-01,,,0.21846666254273706,,,,,,,,,,,,,,1979
1979-03-01,,,-0.09467426160736904,,,,,,,,,,,,,,1979
1979-06-01,,,3.7590012944148827,,,,,,,,,,,,,,1979
1979-09-01,,,-0.483437651723856,,,,,,,,,,,,,,1979
1979-12-01,,,0.35217133893415375,,,,,,,,,,,,,,1980
1980-03-01,,,-0.06271346307506322,,,,,,,,,,,,,,1980
1980-06-01,,,-0.7182121471803548,,,,,,,,,,,,,,1980
1980-09-01,,,-0.3949743281146794,,,,,,,,,,,,,,1980
1980-12-01,,,-1.2044714397566652,,,,,,,,,,,,,,1981
1981-03-01,,,0.3723956013085127,,,,,,,,,,,,,,1981
1981-06-01,,,0.37632885243193176,,,,,,,,,,,,,,1981
1981-09-01,,,0.09656697390029398,,,,,,,,,,,,,,1981
1981-12-01,,,0.4595484731502405,,,,,,,,,,,,,,1982
1982-03-01,,,0.2677994531845424,,,,,,,,,,,,,,1982
1982-06-01,,,-0.049641852679072625,,,,,,,,,,,,,,1982
1982-09-01,,,0.558835579832942,,,,,,,,,,,,,,1982
1982-12-01,,,-0.36321707738713827,,,,,,,,,,,,,,1983
1983-03-01,,,1.4030561526308296,,,,,,,,,,,,,,1983
1983-06-01,,,1.9155024752238121,,,,,,,,,,,,,,1983
1983-09-01,,,0.2719019483496888,,,,,,,,,,,,,,1983
1983-12-01,,,0.21432318605661202,,,,,,,,,,,,,,1984
1984-03-01,,,0.12371848745880515,,,,,,,,,,,,,,1984
1984-06-01,,,1.117450608467311,,,,,,,,,,,,,,1984
1984-09-01,,,1.0897857280824172,,,,,,,,,,,,,,1984
1984-12-01,,,-0.38290738801244767,,,,,,,,,,,,,,1985
1985-03-01,,,-0.29296641061463796,,,,,,,,,,,,,,1985
1985-06-01,,,0.0730779554140818,,,,,,,,,,,,,,1985
1985-09-01,,,1.6484378861034519,,,,,,,,,,,,,,1985
1985-12-01,,,0.6378681258350615,,,,,,,,,,,,,,1986
1986-03-01,,,-0.05667412286366521,,,,,,,,,,,,,,1986
1986-06-01,,,-0.03994678385530631,,,,,,,,,,,,,,1986
1986-09-01,,,0.21712217771058265,,,,,,,,,,,,,,1986
1986-12-01,,,-1.1711996936466735,,,,,,,,,,,,,,1987
1987-03-01,,,-0.6757437249964316,,,,,,,,,,,,,,1987
1987-06-01,,,-0.1688310489685577,,,,,,,,,,,,,,1987
1987-09-01,,,-0.7721605269298479,,,,,,,,,,,,,,1987
1987-12-01,,,0.5256980485564625,,,,,,,,,,,,,,1988
1988-03-01,,,0.008059008381442573,,,,,,,,,,,,,,1988
1988-06-01,,,-1.186528956338552,,,,,,,,,,,,,,1988
1988-09-01,,,-0.5645574179164824,,,,,,,,,,,,,,1988
1988-12-01,,,-0.0034471149462872415,,,,,,,,,,,,,,1989
1989-03-01,,,-0.5650763617084087,,,,,,,,,,,,,,1989
1989-06-01,,,0.3436426002600605,,,,,,,,,,,,,,1989
1989-09-01,,,-0.4371390689606593,,,,,,,,,,,,,,1989
1989-12-01,,,0.09081533016876582,,,,,,,,,,,,,,1990
1990-03-01,,,0.572464639478051,,,,,,,,,,,,,,1990
1990-06-01,,,-0.2960346846212683,,,,,,,,,,,,,,1990
1990-09-01,,,-0.22776242789050957,,,,,,,,,,,,,,1990
1990-12-01,,,-0.29021177541789006,,,,,,,,,,,,,,1991
1991-03-01,,,0.22635252386008997,,,,,,,,,,,,,,1991
1991-06-01,,,0.4681739502507405,,,,,,,,,,,,,,1991
1991-09-01,,,-0.22666787345647602,,,,,,,,,,,,,,1991
1991-12-01,,,-0.6979288935844914,,,,,,,,,,,,,,1992
1992-03-01,,,0.2932016319939604,,,,,,,,,,,,,,1992
1992-06-01,,,0.29707529940156524,,,,,,,,,,,,,,1992
1992-09-01,,,-0.31805246632278783,,,,,,,,,,,,,,1992
1992-12-01,,,0.4301369110177643,,,,,,,,,,,,,,1993
1993-03-01,,,0.43854157829625207,,,,,,,,,,,,,,1993
1993-06-01,,,0.042203245139735134,,,,,,,,,,,,,,1993
1993-09-01,,,0.42927625140487047,,,,,,,,,,,,,,1993
1993-12-01,,,-0.1783188444176246,,,,,,,,,,,,,,1994
1994-03-01,,,-0.917054655375549,,,,,,,,,,,,,,1994
1994-06-01,,,-0.8742743813788578,,,,,,,,,,,,,,1994
1994-09-01,,,-0.38780702506098735,,,,,,,,,,,,,,1994
1994-12-01,,,-0.4353081201912754,,,,,,,,,,,,,,1995
1995-03-01,,,1.3173283510479037,,,,,,,,,,,,,,1995
1995-06-01,,,0.4615791213483905,,,,,,,,,,,,,,1995
1995-09-01,,,1.1815600793530654,,,,,,,,,,,,,,1995
1995-12-01,,,0.3320657831818386,,,,,,,,,,,,,,1996
1996-03-01,,,-0.09301178349616422,,,,,,,,,,,,,,1996
1996-06-01,,,-0.6750093287401021,,,,,,,,,,,,,,1996
1996-09-01,,,0.45603259674588725,,,,,,,,,,,,,,1996
1996-12-01,,,1.0620549345807853,,,,,,,,,,,,,,1997
1997-03-01,,,0.035410720957024966,,,,,,,,,,,,,,1997
1997-06-01,,,0.26270761189486364,,,,,,,,,,,,,,1997
1997-09-01,,,0.6516031733754888,,,,,,,,,,,,,,1997
1997-12-01,,,-0.21514740428947493,,,,,,,,,,,,,,1998
1998-03-01,,,-0.5851849026329117,,,,,,,,,,,,,,1998
1998-06-01,,,1.0999677082058243,,,,,,,,,,,,,,1998
1998-09-01,,,0.010101566106579026,,,,,,,,,,,,,,1998
1998-12-01,,,0.3268418268307863,,,,,,,,,,,,,,1999
1999-03-01,,,-0.34710366532147546,,,,,,,,,,,,,,1999
1999-06-01,,,-0.009014818538031153,,,,,,,,,,,,,,1999
1999-09-01,,,-0.9478054856341034,,,,,,,,,,,,,,1999
1999-12-01,,,0.7462443469959908,,,,,,,,,,,,,,2000
2000-03-01,,,0.33042144485169617,,,,,,,,,,,,,,2000
2000-06-01,,,-0.2448526437662392,,,,,,,,,,,,,,2000
2000-09-01,,,-0.32105428270560926,,,,,,,,,,,,,,2000
2000-12-01,,,-0.4830286339143645,,,,,,,,,,,,,,2001
2001-03-01,,,-0.45757271053424875,,,,,,,,,,,,,,2001
2001-06-01,,,-0.6460190118830419,,,,,,,,,,,,,,2001
2001-09-01,,,-0.26691019224218226,,,,,,,,,,,,,,2001
2001-12-01,,,-0.5810341218580072,,,,,,,,,,,,,,2002
2002-03-01,,,-0.8216189883964857,,,,,,,,,,,,,,2002
2002-06-01,,,-0.6576933637383374,,,,,,,,,,,,,,2002
2002-09-01,,,-0.11328502607037495,,,,,,,,,,,,,,2002
2002-12-01,,,0.00809665667940504,,,,,,,,,,,,,,2003
2003-03-01,,,1.2512115071612715,,,,,,,,,,,,,,2003
2003-06-01,,,0.4474598976308623,,,,,,,,,,,,,,2003
2003-09-01,,,-0.5000312555295324,,,,,,,,,,,,,,2003
2003-12-01,,,-0.8481708692703984,,,,,,,,,,,,,,2004
2004-03-01,,,-0.6636192207386886,,,,,,,,,,,,,,2004
2004-06-01,,,0.09329039638051886,,,,,,,,,,,,,,2004
2004-09-01,,,-0.020971253415685606,,,,,,,,,,,,,,2004
2004-12-01,,,-0.7978066113152122,,,,,,,,,,,,,,2005
2005-03-01,,,-0.1733821972888614,,,,,,,,,,,,,,2005
2005-06-01,,,-0.013534668920316715,,,,,,,,,,,,,,2005
2005-09-01,,,-0.014033387491173182,,,,,,,,,,,,,,2005
2005-12-01,,,-0.03105529551762617,,,,,,,,,,,,,,2006
2006-03-01,,,-0.8481536695779188,,,,,,,,,,,,,,2006
2006-06-01,,,0.5702525572437799,,,,,,,,,,,,,,2006
2006-09-01,,,0.43308362442505854,,,,,,,,,,,,,,2006
2006-12-01,,,-0.28380853624308866,,,,,,,,,,,,,,2007
2007-03-01,,,-0.7071812668291723,,,,,,,,,,,,,,2007
2007-06-01,,,-0.19488644941534136,,,,,,,,,,,,,,2007
2007-09-01,,,0.4290353830040249,,,,,,,,,,,,,,2007
2007-12-01,,,0.6032300422724668,,,,,,,,,,,,,,2008
2008-03-01,,,0.011031121459678231,,,,,,,,,,,,,,2008
2008-06-01,,,-0.32562069687172157,,,,,,,,,,,,,,2008
2008-09-01,,,-0.05691940900901449,,,,,,,,,,,,,,2008
2008-12-01,,,0.20642013693503442,,,,,,,,,,,,,,2009
2009-03-01,,,-0.14182352536543233,,,,,,,,,,,,,,2009
2009-06-01,,,0.10457039917630385,,,,,,,,,,,,,,2009
2009-09-01,,,-0.37528825405950333,,,,,,,,,,,,,,2009
2009-12-01,,,-0.48560021881795307,,,,,,,,,,,,,,2010
2010-03-01,,,0.05099062331923876,,,,,,,,,,,,,,2010
2010-06-01,,,-0.10438891641193279,,,,,,,,,,,,,,2010
2010-09-01,,,0.7893193182893283,,,,,,,,,,,,,,2010
2010-12-01,,,0.5830144610634308,,,,,,,,,,,,,,2011
2011-03-01,,,1.685630878477965,,,,,,,,,,,,,,2011
2011-06-01,,,0.1575059210116348,,,,,,,,,,,,,,2011
2011-09-01,,,0.11501893728272795,,,,,,,,,,,,,,2011
2011-12-01,,,-0.6338298063566866,,,,,,,,,,,,,,2012
2012-03-01,,,-1.4061138634214558,,,,,,,,,,,,,,2012
2012-06-01,,,-0.09125893127302658,,,,,,,,,,,,,,2012
2012-09-01,,,-0.4379826482528532,,,,,,,,,,,,,,2012
2012-12-01,,,-0.2286011812818915,,,,,,,,,,,,,,2013
2013-03-01,,,0.25174212471298957,,,,,,,,,,,,,,2013
2013-06-01,,,-0.5760669844912156,,,,,,,,,,,,,,2013
2013-09-01,,,0.856958164407762,,,,,,,,,,,,,,2013
2013-12-01,,,0.9152836223194587,,,,,,,,,,,,,,2014
2014-03-01,,,0.42128987927618966,,,,,,,,,,,,,,2014
2014-06-01,,,0.5164595151410927,,,,,,,,,,,,,,2014
2014-09-01,,,0.7866051751724983,,,,,,,,,,,,,,2014
2014-12-01,,,-0.2276159524236192,,,,,,,,,,,,,,2015
2015-03-01,,,-0.21485963064019717,,,,,,,,,,,,,,2015
2015-06-01,,,-0.2635153677091138,,,,,,,,,,,,,,2015
2015-09-01,,,-0.2666908618539984,,,,,,,,,,,,,,2015
2015-12-01,,,-0.26346854190727126,,,,,,,,,,,,,,2016
2016-03-01,,,0.551738245357378,,,,,,,,,,,,,,2016
2016-06-01,,,-0.749742225513889,,,,,,,,,,,,,,2016
2016-09-01,,,-0.7054444826986207,,,,,,,,,,,,,,2016
2016-12-01,,,1.1856095339365997,,,,,,,,,,,,,,2017
2017-03-01,,,-0.3250330126742891,,,,,,,,,,,,,,2017
2017-06-01,,,-0.41087096578818105,,,,,,,,,,,,,,2017
2017-09-01,,,0.387116563929385,,,,,,,,,,,,,,2017
2017-12-01,,,0.10801214998977239,,,,,,,,,,,,,,2018
2018-03-01,,,-0.015819890822351853,,,,,,,,,,,,,,2018
2018-06-01,,,-0.3309628505729148,,,,,,,,,,,,,,2018
2018-09-01,,,0.1675771813238976,,,,,,,,,,,,,,2018
2018-12-01,,,-0.23777199618942157,,,,,,,,,,,,,,2019
2019-03-01,,,0.2927641708026756,,,,,,,,,,,,,,2019
2019-06-01,,,0.23233370739966722,,,,,,,,,,,,,,2019
2019-09-01,,,-0.4715114848727275,,,,,,,,,,,,,,2019
2019-12-01,,,0.7625229848819501,,,,,,,,,,,,,,2020
2020-03-01,,,-0.4977772144267374,,,,,,,,,,,,,,2020
2020-06-01,,,-0.6326640305671998,,,,,,,,,,,,,,2020
2020-09-01,,,-0.8297918994176079,,,,,,,,,,,,,,2020
2020-12-01,,,0.024654057844652598,,,,,,,,,,,,,,2021
2021-03-01,,,-0.2597219931510644,,,,,,,,,,,,,,2021
2021-06-01,,,-0.4027264198622681,,,,,,,,,,,,,,2021
2021-09-01,,,-0.043113344568468034,,,,,,,,,,,,,,2021
2021-12-01,,,0.255925634888866,,,,,,,,,,,,,,2022
2022-03-01,,,0.2549592398241566,,,,,,,,,,,,,,2022
2022-06-01,,,-0.18390429431625785,,,,,,,,,,,,,,2022
2022-09-01,,,-0.43380884087079985,,,,,,,,,,,,,,2022
1980-09-01,,,,-0.6432769971661403,,,,,,,,,,,,,1980
1980-12-01,,,,-1.2200693590379188,,,,,,,,,,,,,1981
1981-03-01,,,,0.35949969189986913,,,,,,,,,,,,,1981
1981-06-01,,,,0.3800054186740367,,,,,,,,,,,,,1981
1981-09-01,,,,0.06424446980752566,,,,,,,,,,,,,1981
1981-12-01,,,,0.5037078104933356,,,,,,,,,,,,,1982
1982-03-01,,,,0.25942380703826723,,,,,,,,,,,,,1982
1982-06-01,,,,-0.0723693717450404,,,,,,,,,,,,,1982
1982-09-01,,,,0.5205671285221718,,,,,,,,,,,,,1982
1982-12-01,,,,-0.36814138540531816,,,,,,,,,,,,,1983
1983-03-01,,,,1.3798683723922724,,,,,,,,,,,,,1983
1983-06-01,,,,2.005005366327633,,,,,,,,,,,,,1983
1983-09-01,,,,0.24284075706985558,,,,,,,,,,,,,1983
1983-12-01,,,,0.21087545193264484,,,,,,,,,,,,,1984
1984-03-01,,,,0.12385192103951277,,,,,,,,,,,,,1984
1984-06-01,,,,1.2302480566954046,,,,,,,,,,,,,1984
1984-09-01,,,,1.0634306676423373,,,,,,,,,,,,,1984
1984-12-01,,,,-0.36656891800942065,,,,,,,,,,,,,1985
1985-03-01,,,,-0.29097711883154553,,,,,,,,,,,,,1985
1985-06-01,,,,0.0592499975023975,,,,,,,,,,,,,1985
1985-09-01,,,,1.6193551495906886,,,,,,,,,,,,,1985
1985-12-01,,,,0.6070050150418401,,,,,,,,,,,,,1986
1986-03-01,,,,-0.050320262629457956,,,,,,,,,,,,,1986
1986-06-01,,,,-0.022471005883930063,,,,,,,,,,,,,1986
1986-09-01,,,,0.1736633504459452,,,,,,,,,,,,,1986
1986-12-01,,,,-1.161528289149846,,,,,,,,,,,,,1987
1987-03-01,,,,-0.6738478327803673,,,,,,,,,,,,,1987
1987-06-01,,,,-0.16556006096507353,,,,,,,,,,,,,1987
1987-09-01,,,,-0.8263507171396658,,,,,,,,,,,,,1987
1987-12-01,,,,0.5443981652052841,,,,,,,,,,,,,1988
1988-03-01,,,,-0.00037669106064606935,,,,,,,,,,,,,1988
1988-06-01,,,,-1.2710709928863886,,,,,,,,,,,,,1988
1988-09-01,,,,-0.633993008877161,,,,,,,,,,,,,1988
1988-12-01,,,,0.0030711729529485075,,,,,,,,,,,,,1989
1989-03-01,,,,-0.5632002412689502,,,,,,,,,,,,,1989
1989-06-01,,,,0.42942692333931903,,,,,,,,,,,,,1989
1989-09-01,,,,-0.4887645277671123,,,,,,,,,,,,,1989
1989-12-01,,,,0.09646642921490696,,,,,,,,,,,,,1990
1990-03-01,,,,0.5553239136603466,,,,,,,,,,,,,1990
1990-06-01,,,,-0.3480674089840213,,,,,,,,,,,,,1990
1990-09-01,,,,-0.2592419754123612,,,,,,,,,,,,,1990
1990-12-01,,,,-0.26975454205828525,,,,,,,,,,,,,1991
1991-03-01,,,,0.21621471344939436,,,,,,,,,,,,,1991
1991-06-01,,,,0.5236607667815122,,,,,,,,,,,,,1991
1991-09-01,,,,-0.2834613095016091,,,,,,,,,,,,,1991
1991-12-01,,,,-0.6885937373265394,,,,,,,,,,,,,1992
1992-03-01,,,,0.28638343854937515,,,,,,,,,,,,,1992
1992-06-01,,,,0.32185626147619784,,,,,,,,,,,,,1992
1992-09-01,,,,-0.3795824472202682,,,,,,,,,,,,,1992
1992-12-01,,,,0.4326035700559973,,,,,,,,,,,,,1993
1993-03-01,,,,0.4355106477579667,,,,,,,,,,,,,1993
1993-06-01,,,,0.0712859763624344,,,,,,,,,,,,,1993
1993-09-01,,,,0.42096734193935303,,,,,,,,,,,,,1993
1993-12-01,,,,-0.1720721477463337,,,,,,,,,,,,,1994
1994-03-01,,,,-0.9094898502667423,,,,,,,,,,,,,1994
1994-06-01,,,,-0.9088109703326304,,,,,,,,,,,,,1994
1994-09-01,,,,-0.43426801285235356,,,,,,,,,,,,,1994
1994-12-01,,,,-0.42294285480644767,,,,,,,,,,,,,1995
1995-03-01,,,,1.3039410999011483,,,,,,,,,,,,,1995
1995-06-01,,,,0.44936156575680813,,,,,,,,,,,,,1995
1995-09-01,,,,1.147060051335675,,,,,,,,,,,,,1995
1995-12-01,,,,0.3736022971939834,,,,,,,,,,,,,1996
1996-03-01,,,,-0.09297313636899146,,,,,,,,,,,,,1996
1996-06-01,,,,-0.7470445923032093,,,,,,,,,,,,,1996
1996-09-01,,,,0.4144378460305859,,,,,,,,,,,,,1996
1996-12-01,,,,1.125505525097167,,,,,,,,,,,,,1997
1997-03-01,,,,0.04088270254507199,,,,,,,,,,,,,1997
1997-06-01,,,,0.352194774102167,,,,,,,,,,,,,1997
1997-09-01,,,,0.603679060448429,,,,,,,,,,,,,1997
1997-12-01,,,,-0.19091798312058736,,,,,,,,,,,,,1998
1998-03-01,,,,-0.5795227882622891,,,,,,,,,,,,,1998
1998-06-01,,,,1.2138712074384943,,,,,,,,,,,,,1998
1998-09-01,,,,0.002941880610260577,,,,,,,,,,,,,1998
1998-12-01,,,,0.39271787322353907,,,,,,,,,,,,,1999
1999-03-01,,,,-0.3423978539011453,,,,,,,,,,,,,1999
1999-06-01,,,,-0.028934075243854506,,,,,,,,,,,,,1999
1999-09-01,,,,-1.0237931133830256,,,,,,,,,,,,,1999
1999-12-01,,,,0.781485510465183,,,,,,,,,,,,,2000
2000-03-01,,,,0.32253280332444767,,,,,,,,,,,,,2000
2000-06-01,,,,-0.18757600121683807,,,,,,,,,,,,,2000
2000-09-01,,,,-0.402963989455982,,,,,,,,,,,,,2000
2000-12-01,,,,-0.5041320157635512,,,,,,,,,,,,,2001
2001-03-01,,,,-0.45497377040569237,,,,,,,,,,,,,2001
2001-06-01,,,,-0.6596536180133259,,,,,,,,,,,,,2001
2001-09-01,,,,-0.3345309125879911,,,,,,,,,,,,,2001
2001-12-01,,,,-0.579760984701621,,,,,,,,,,,,,2002
2002-03-01,,,,-0.8166299398129502,,,,,,,,,,,,,2002
2002-06-01,,,,-0.6724291540179651,,,,,,,,,,,,,2002
2002-09-01,,,,-0.16603233440588275,,,,,,,,,,,,,2002
2002-12-01,,,,0.004719325937273074,,,,,,,,,,,,,2003
2003-03-01,,,,1.230921467650692,,,,,,,,,,,,,2003
2003-06-01,,,,0.5296519855556483,,,,,,,,,,,,,2003
2003-09-01,,,,-0.5703062968375345,,,,,,,,,,,,,2003
2003-12-01,,,,-0.8524983672588355,,,,,,,,,,,,,2004
2004-03-01,,,,-0.656859892712608,,,,,,,,,,,,,2004
2004-06-01,,,,0.16947326083616468,,,,,,,,,,,,,2004
2004-09-01,,,,-0.07603867365409532,,,,,,,,,,,,,2004
2004-12-01,,,,-0.7936599971240424,,,,,,,,,,,,,2005
2005-03-01,,,,-0.17397075720171354,,,,,,,,,,,,,2005
2005-06-01,,,,-0.01955069785446025,,,,,,,,,,,,,2005
2005-09-01,,,,-0.05348500116918243,,,,,,,,,,,,,2005
2005-12-01,,,,-0.019973916733990647,,,,,,,,,,,,,2006
2006-03-01,,,,-0.8432628895050978,,,,,,,,,,,,,2006
2006-06-01,,,,0.5992299274584123,,,,,,,,,,,,,2006
2006-09-01,,,,0.3916215049362042,,,,,,,,,,,,,2006
2006-12-01,,,,-0.2910513968747091,,,,,,,,,,,,,2007
2007-03-01,,,,-0.7030682244775446,,,,,,,,,,,,,2007
2007-06-01,,,,-0.10211071143598152,,,,,,,,,,,,,2007
2007-09-01,,,,0.38964932313847517,,,,,,,,,,,,,2007
2007-12-01,,,,0.6275669185372815,,,,,,,,,,,,,2008
2008-03-01,,,,0.009292377436746775,,,,,,,,,,,,,2008
2008-06-01,,,,-0.32304673948233287,,,,,,,,,,,,,2008
2008-09-01,,,,-0.11190001116150677,,,,,,,,,,,,,2008
2008-12-01,,,,0.2539646118473993,,,,,,,,,,,,,2009
2009-03-01,,,,-0.14161050335050857,,,,,,,,,,,,,2009
2009-06-01,,,,0.05914792548891535,,,,,,,,,,,,,2009
2009-09-01,,,,-0.40389533327834387,,,,,,,,,,,,,2009
2009-12-01,,,,-0.4830084317266058,,,,,,,,,,,,,2010
2010-03-01,,,,0.05308945679558604,,,,,,,,,,,,,2010
2010-06-01,,,,-0.09401553342450292,,,,,,,,,,,,,2010
2010-09-01,,,,0.8108788916088723,,,,,,,,,,,,,2010
2010-12-01,,,,0.6043391369832687,,,,,,,,,,,,,2011
2011-03-01,,,,1.6756483217298486,,,,,,,,,,,,,2011
2011-06-01,,,,0.11817961297361823,,,,,,,,,,,,,2011
2011-09-01,,,,0.07388842291007092,,,,,,,,,,,,,2011
2011-12-01,,,,-0.6299917608431849,,,,,,,,,,,,,2012
2012-03-01,,,,-1.38992013831407,,,,,,,,,,,,,2012
2012-06-01,,,,-0.12649389580655263,,,,,,,,,,,,,2012
2012-09-01,,,,-0.4693910449162606,,,,,,,,,,,,,2012
2012-12-01,,,,-0.2317041316019394,,,,,,,,,,,,,2013
2013-03-01,,,,0.2497610146033956,,,,,,,,,,,,,2013
2013-06-01,,,,-0.5868032403018192,,,,,,,,,,,,,2013
2013-09-01,,,,0.8207834766699994,,,,,,,,,,,,,2013
2013-12-01,,,,0.9572761293646668,,,,,,,,,,,,,2014
2014-03-01,,,,0.41381101460899467,,,,,,,,,,,,,2014
2014-06-01,,,,0.6485443495001669,,,,,,,,,,,,,2014
2014-09-01,,,,0.7360416737600364,,,,,,,,,,,,,2014
2014-12-01,,,,-0.2502757820788114,,,,,,,,,,,,,2015
2015-03-01,,,,-0.214748654379566,,,,,,,,,,,,,2015
2015-06-01,,,,-0.33925032462096233,,,,,,,,,,,,,2015
2015-09-01,,,,-0.3108488744712999,,,,,,,,,,,,,2015
2015-12-01,,,,-0.2400625228676349,,,,,,,,,,,,,2016
2016-03-01,,,,0.5396725131154099,,,,,,,,,,,,,2016
2016-06-01,,,,-0.7560758419133213,,,,,,,,,,,,,2016
2016-09-01,,,,-0.7484368693685679,,,,,,,,,,,,,2016
2016-12-01,,,,1.2437298681315108,,,,,,,,,,,,,2017
2017-03-01,,,,-0.3183622144560882,,,,,,,,,,,,,2017
2017-06-01,,,,-0.3924028865651042,,,,,,,,,,,,,2017
2017-09-01,,,,0.3584607325672867,,,,,,,,,,,,,2017
2017-12-01,,,,0.11948629037237084,,,,,,,,,,,,,2018
2018-03-01,,,,-0.01961336187797474,,,,,,,,,,,,,2018
2018-06-01,,,,-0.32408989370449137,,,,,,,,,,,,,2018
2018-09-01,,,,0.1573665831575933,,,,,,,,,,,,,2018
2018-12-01,,,,-0.21164623300305202,,,,,,,,,,,,,2019
2019-03-01,,,,0.2809707867727745,,,,,,,,,,,,,2019
2019-06-01,,,,0.1895149858771818,,,,,,,,,,,,,2019
2019-09-01,,,,-0.5035070786147835,,,,,,,,,,,,,2019
2019-12-01,,,,0.7591476856897671,,,,,,,,,,,,,2020
2020-03-01,,,,-0.49420553403526374,,,,,,,,,,,,,2020
2020-06-01,,,,-0.6862963749464849,,,,,,,,,,,,,2020
2020-09-01,,,,-0.8827557180627514,,,,,,,,,,,,,2020
2020-12-01,,,,0.023675776883173485,,,,,,,,,,,,,2021
2021-03-01,,,,-0.26113317574343425,,,,,,,,,,,,,2021
2021-06-01,,,,-0.3595547456107556,,,,,,,,,,,,,2021
2021-09-01,,,,-0.07161867322459989,,,,,,,,,,,,,2021
2021-12-01,,,,0.2897722036242707,,,,,,,,,,,,,2022
2022-03-01,,,,0.2548647673715233,,,,,,,,,,,,,2022
2022-06-01,,,,-0.1562302248874502,,,,,,,,,,,,,2022
2022-09-01,,,,-0.4413643518769051,,,,,,,,,,,,,2022
1978-09-01,,,,,-1.6306603874251786,,,,,,,,,,,,1978
1978-12-01,,,,,0.9058361691645208,,,,,,,,,,,,1979
1979-03-01,,,,,0.8463348157738113,,,,,,,,,,,,1979
1979-06-01,,,,,-0.09286400732946647,,,,,,,,,,,,1979
1979-09-01,,,,,-0.49850600190507816,,,,,,,,,,,,1979
1979-12-01,,,,,1.0086329303819386,,,,,,,,,,,,1980
1980-03-01,,,,,-0.18437272386313325,,,,,,,,,,,,1980
1980-06-01,,,,,-0.8992915529648993,,,,,,,,,,,,1980
1980-09-01,,,,,-0.4430287268720941,,,,,,,,,,,,1980
1980-12-01,,,,,-1.1571537934140703,,,,,,,,,,,,1981
1981-03-01,,,,,0.6945187231305481,,,,,,,,,,,,1981
1981-06-01,,,,,-0.027404679219461613,,,,,,,,,,,,1981
1981-09-01,,,,,-0.054790607680617734,,,,,,,,,,,,1981
1981-12-01,,,,,0.9111685633228128,,,,,,,,,,,,1982
1982-03-01,,,,,0.17115874304134773,,,,,,,,,,,,1982
1982-06-01,,,,,-0.5164636997401827,,,,,,,,,,,,1982
1982-09-01,,,,,0.4508774592372105,,,,,,,,,,,,1982
1982-12-01,,,,,-0.12479502029348326,,,,,,,,,,,,1983
1983-03-01,,,,,1.679674131492804,,,,,,,,,,,,1983
1983-06-01,,,,,0.375446545328284,,,,,,,,,,,,1983
1983-09-01,,,,,0.47000646473668783,,,,,,,,,,,,1983
1983-12-01,,,,,0.4872900216332296,,,,,,,,,,,,1984
1984-03-01,,,,,0.8656639430519574,,,,,,,,,,,,1984
1984-06-01,,,,,2.5301919478115082,,,,,,,,,,,,1984
1984-09-01,,,,,0.6807004022446463,,,,,,,,,,,,1984
1984-12-01,,,,,0.2807025089791786,,,,,,,,,,,,1985
1985-03-01,,,,,0.3961583162623184,,,,,,,,,,,,1985
1985-06-01,,,,,0.02203410686063865,,,,,,,,,,,,1985
1985-09-01,,,,,1.3236813936964769,,,,,,,,,,,,1985
1985-12-01,,,,,-0.04284542573961324,,,,,,,,,,,,1986
1986-03-01,,,,,-0.5896388870650187,,,,,,,,,,,,1986
1986-06-01,,,,,0.4733571497329266,,,,,,,,,,,,1986
1986-09-01,,,,,0.29993898064704044,,,,,,,,,,,,1986
1986-12-01,,,,,-0.6167505295130702,,,,,,,,,,,,1987
1987-03-01,,,,,-0.473467981289919,,,,,,,,,,,,1987
1987-06-01,,,,,-0.2956606158442655,,,,,,,,,,,,1987
1987-09-01,,,,,-0.9091742138781664,,,,,,,,,,,,1987
1987-12-01,,,,,0.28379333283318287,,,,,,,,,,,,1988
1988-03-01,,,,,-0.1709732502530628,,,,,,,,,,,,1988
1988-06-01,,,,,-0.8560721074596833,,,,,,,,,,,,1988
1988-09-01,,,,,-0.4148267632822688,,,,,,,,,,,,1988
1988-12-01,,,,,-0.022687246906065262,,,,,,,,,,,,1989
1989-03-01,,,,,-0.464717162685266,,,,,,,,,,,,1989
1989-06-01,,,,,0.018808889054468165,,,,,,,,,,,,1989
1989-09-01,,,,,-0.6588642281927418,,,,,,,,,,,,1989
1989-12-01,,,,,-0.47429506598541943,,,,,,,,,,,,1990
1990-03-01,,,,,0.23419631375617228,,,,,,,,,,,,1990
1990-06-01,,,,,-0.3149588906273554,,,,,,,,,,,,1990
1990-09-01,,,,,0.5045986206980009,,,,,,,,,,,,1990
1990-12-01,,,,,-0.31093061127341465,,,,,,,,,,,,1991
1991-03-01,,,,,0.9377732298539734,,,,,,,,,,,,1991
1991-06-01,,,,,0.6059772804828134,,,,,,,,,,,,1991
1991-09-01,,,,,0.7104624375678827,,,,,,,,,,,,1991
1991-12-01,,,,,-0.48673581480998906,,,,,,,,,,,,1992
1992-03-01,,,,,0.16610984979471438,,,,,,,,,,,,1992
1992-06-01,,,,,0.29396615808145404,,,,,,,,,,,,1992
1992-09-01,,,,,0.16021854480573428,,,,,,,,,,,,1992
1992-12-01,,,,,1.2179220889932383,,,,,,,,,,,,1993
1993-03-01,,,,,0.7051762550782443,,,,,,,,,,,,1993
1993-06-01,,,,,-0.0916664616433653,,,,,,,,,,,,1993
1993-09-01,,,,,0.2773852235527677,,,,,,,,,,,,1993
1993-12-01,,,,,-0.14934470472806777,,,,,,,,,,,,1994
1994-03-01,,,,,-0.8472556773306088,,,,,,,,,,,,1994
1994-06-01,,,,,-0.6818505281967423,,,,,,,,,,,,1994
1994-09-01,,,,,-0.07258577933240073,,,,,,,,,,,,1994
1994-12-01,,,,,0.15298273252651068,,,,,,,,,,,,1995
1995-03-01,,,,,1.6486925017654774,,,,,,,,,,,,1995
1995-06-01,,,,,0.17235606775777285,,,,,,,,,,,,1995
1995-09-01,,,,,0.6686921994245445,,,,,,,,,,,,1995
1995-12-01,,,,,0.902780602491691,,,,,,,,,,,,1996
1996-03-01,,,,,0.194254351785247,,,,,,,,,,,,1996
1996-06-01,,,,,-0.9732809866474126,,,,,,,,,,,,1996
1996-09-01,,,,,1.5033013951036283,,,,,,,,,,,,1996
1996-12-01,,,,,0.9508391570232517,,,,,,,,,,,,1997
1997-03-01,,,,,0.3628362787475855,,,,,,,,,,,,1997
1997-06-01,,,,,0.016864694472105823,,,,,,,,,,,,1997
1997-09-01,,,,,0.2828826822799609,,,,,,,,,,,,1997
1997-12-01,,,,,-0.20686149463937345,,,,,,,,,,,,1998
1998-03-01,,,,,-0.5411864850640247,,,,,,,,,,,,1998
1998-06-01,,,,,0.9964006000589543,,,,,,,,,,,,1998
1998-09-01,,,,,-0.012788138935438936,,,,,,,,,,,,1998
1998-12-01,,,,,-0.15978028374199787,,,,,,,,,,,,1999
1999-03-01,,,,,0.04904210331347792,,,,,,,,,,,,1999
1999-06-01,,,,,0.8455428988904872,,,,,,,,,,,,1999
1999-09-01,,,,,-1.0448546891526336,,,,,,,,,,,,1999
1999-12-01,,,,,0.7545197733647904,,,,,,,,,,,,2000
2000-03-01,,,,,0.3436829739362941,,,,,,,,,,,,2000
2000-06-01,,,,,0.5075201596286741,,,,,,,,,,,,2000
2000-09-01,,,,,-0.06318712237449749,,,,,,,,,,,,2000
2000-12-01,,,,,-0.4999684340572266,,,,,,,,,,,,2001
2001-03-01,,,,,-0.07317137057599096,,,,,,,,,,,,2001
2001-06-01,,,,,-0.07254676695072139,,,,,,,,,,,,2001
2001-09-01,,,,,0.018932044514893213,,,,,,,,,,,,2001
2001-12-01,,,,,-0.5413575108574743,,,,,,,,,,,,2002
2002-03-01,,,,,-1.2251294566858364,,,,,,,,,,,,2002
2002-06-01,,,,,-0.5035417932660998,,,,,,,,,,,,2002
2002-09-01,,,,,1.0754019336642677,,,,,,,,,,,,2002
2002-12-01,,,,,-0.24398049591199325,,,,,,,,,,,,2003
2003-03-01,,,,,0.7540933339437121,,,,,,,,,,,,2003
2003-06-01,,,,,1.4735876422919427,,,,,,,,,,,,2003
2003-09-01,,,,,-0.07118556067470376,,,,,,,,,,,,2003
2003-12-01,,,,,-0.35784078719976903,,,,,,,,,,,,2004
2004-03-01,,,,,-0.558063703226696,,,,,,,,,,,,2004
2004-06-01,,,,,-0.021017534732293605,,,,,,,,,,,,2004
2004-09-01,,,,,0.2904317573999531,,,,,,,,,,,,2004
2004-12-01,,,,,0.20139590439311078,,,,,,,,,,,,2005
2005-03-01,,,,,-0.3950919455681178,,,,,,,,,,,,2005
2005-06-01,,,,,0.30729773968344537,,,,,,,,,,,,2005
2005-09-01,,,,,1.1806538778569164,,,,,,,,,,,,2005
2005-12-01,,,,,0.8021535746610594,,,,,,,,,,,,2006
2006-03-01,,,,,-0.5520051723121058,,,,,,,,,,,,2006
2006-06-01,,,,,-0.34860771260809004,,,,,,,,,,,,2006
2006-09-01,,,,,1.201641570501651,,,,,,,,,,,,2006
2006-12-01,,,,,-0.35471851795494086,,,,,,,,,,,,2007
2007-03-01,,,,,-0.41277081836250035,,,,,,,,,,,,2007
2007-06-01,,,,,-0.1062063651096166,,,,,,,,,,,,2007
2007-09-01,,,,,0.21812442188560915,,,,,,,,,,,,2007
2007-12-01,,,,,1.1014303232644673,,,,,,,,,,,,2008
2008-03-01,,,,,0.497631373846243,,,,,,,,,,,,2008
2008-06-01,,,,,-0.5400169341032629,,,,,,,,,,,,2008
2008-09-01,,,,,-0.42023674645986225,,,,,,,,,,,,2008
2008-12-01,,,,,0.6660373091369034,,,,,,,,,,,,2009
2009-03-01,,,,,0.20387126364486932,,,,,,,,,,,,2009
2009-06-01,,,,,0.12986171879249236,,,,,,,,,,,,2009
2009-09-01,,,,,-0.27458458673462993,,,,,,,,,,,,2009
2009-12-01,,,,,-0.13250531236240473,,,,,,,,,,,,2010
2010-03-01,,,,,0.8446832656563007,,,,,,,,,,,,2010
2010-06-01,,,,,-0.2237616283000776,,,,,,,,,,,,2010
2010-09-01,,,,,-0.05674875580771025,,,,,,,,,,,,2010
2010-12-01,,,,,0.581485157651141,,,,,,,,,,,,2011
2011-03-01,,,,,1.5125344759779822,,,,,,,,,,,,2011
2011-06-01,,,,,-0.7237983607125239,,,,,,,,,,,,2011
2011-09-01,,,,,-0.2383690868211297,,,,,,,,,,,,2011
2011-12-01,,,,,-0.725661759060059,,,,,,,,,,,,2012
2012-03-01,,,,,-1.3142126783276475,,,,,,,,,,,,2012
2012-06-01,,,,,-0.1322381683826037,,,,,,,,,,,,2012
2012-09-01,,,,,-0.7694537780368612,,,,,,,,,,,,2012
2012-12-01,,,,,-0.868260114798673,,,,,,,,,,,,2013
2013-03-01,,,,,-0.1294292746524631,,,,,,,,,,,,2013
2013-06-01,,,,,0.0512076504020881,,,,,,,,,,,,2013
2013-09-01,,,,,0.2846960753548058,,,,,,,,,,,,2013
2013-12-01,,,,,-0.23766808010024423,,,,,,,,,,,,2014
2014-03-01,,,,,-0.4576005182796806,,,,,,,,,,,,2014
2014-06-01,,,,,0.12344224577084528,,,,,,,,,,,,2014
2014-09-01,,,,,-0.13772102538083553,,,,,,,,,,,,2014
2014-12-01,,,,,-0.6739153801086073,,,,,,,,,,,,2015
2015-03-01,,,,,-0.5763347170138481,,,,,,,,,,,,2015
2015-06-01,,,,,0.39667823851557726,,,,,,,,,,,,2015
2015-09-01,,,,,-0.37233874259381866,,,,,,,,,,,,2015
2015-12-01,,,,,-0.6520961989180372,,,,,,,,,,,,2016
2016-03-01,,,,,-0.32923320991671906,,,,,,,,,,,,2016
2016-06-01,,,,,0.3120251484095884,,,,,,,,,,,,2016
2016-09-01,,,,,-1.115595960217442,,,,,,,,,,,,2016
2016-12-01,,,,,0.10936267014107956,,,,,,,,,,,,2017
2017-03-01,,,,,-0.8199276146227343,,,,,,,,,,,,2017
2017-06-01,,,,,-1.0597091014796904,,,,,,,,,,,,2017
2017-09-01,,,,,-0.7236224885870907,,,,,,,,,,,,2017
2017-12-01,,,,,-0.7865756123019766,,,,,,,,,,,,2018
2018-03-01,,,,,-0.7205869817899702,,,,,,,,,,,,2018
2018-06-01,,,,,-0.41783877497376365,,,,,,,,,,,,2018
2018-09-01,,,,,-0.12380596122017629,,,,,,,,,,,,2018
2018-12-01,,,,,-0.41211842807422666,,,,,,,,,,,,2019
2019-03-01,,,,,0.6786029017817456,,,,,,,,,,,,2019
2019-06-01,,,,,-0.3080360058688533,,,,,,,,,,,,2019
2019-09-01,,,,,-0.5631405979867691,,,,,,,,,,,,2019
2019-12-01,,,,,0.17584908816469683,,,,,,,,,,,,2020
2020-03-01,,,,,-1.0765669277897576,,,,,,,,,,,,2020
2020-06-01,,,,,-0.6485480902187359,,,,,,,,,,,,2020
2020-09-01,,,,,-1.0333320382758042,,,,,,,,,,,,2020
2020-12-01,,,,,-0.871757146065138,,,,,,,,,,,,2021
2021-03-01,,,,,-1.0626061781225626,,,,,,,,,,,,2021
2021-06-01,,,,,0.0735310105445859,,,,,,,,,,,,2021
2021-09-01,,,,,-0.3416417921470962,,,,,,,,,,,,2021
2021-12-01,,,,,-0.3795678772615107,,,,,,,,,,,,2022
2022-03-01,,,,,-0.8123464108371472,,,,,,,,,,,,2022
2022-06-01,,,,,0.1292828738085186,,,,,,,,,,,,2022
2022-09-01,,,,,-0.2886642931913269,,,,,,,,,,,,2022
2004-09-01,,,,,,0.9302778397861278,,,,,,,,,,,2004
2004-12-01,,,,,,-0.27666815959440955,,,,,,,,,,,2005
2005-03-01,,,,,,0.20632257919927463,,,,,,,,,,,2005
2005-06-01,,,,,,-0.27827687302660115,,,,,,,,,,,2005
2005-09-01,,,,,,0.23037530956322327,,,,,,,,,,,2005
2005-12-01,,,,,,-0.9652072673552324,,,,,,,,,,,2006
2006-03-01,,,,,,-0.699731549494009,,,,,,,,,,,2006
2006-06-01,,,,,,0.8529971692012523,,,,,,,,,,,2006
2006-09-01,,,,,,1.051691082451841,,,,,,,,,,,2006
2006-12-01,,,,,,1.4154824383233056,,,,,,,,,,,2007
2007-03-01,,,,,,0.410906517770286,,,,,,,,,,,2007
2007-06-01,,,,,,0.17049957456964934,,,,,,,,,,,2007
2007-09-01,,,,,,-0.46676237984939206,,,,,,,,,,,2007
2007-12-01,,,,,,1.046070464875969,,,,,,,,,,,2008
2008-03-01,,,,,,-0.4614642605524123,,,,,,,,,,,2008
2008-06-01,,,,,,-0.1450898805750896,,,,,,,,,,,2008
2008-09-01,,,,,,-0.45658134606180334,,,,,,,,,,,2008
2008-12-01,,,,,,-0.2621171990487379,,,,,,,,,,,2009
2009-03-01,,,,,,0.9954801858060981,,,,,,,,,,,2009
2009-06-01,,,,,,0.7691526444331507,,,,,,,,,,,2009
2009-09-01,,,,,,0.7831874733514061,,,,,,,,,,,2009
2009-12-01,,,,,,-0.24020081392167547,,,,,,,,,,,2010
2010-03-01,,,,,,0.5784986486275842,,,,,,,,,,,2010
2010-06-01,,,,,,0.12831950983099402,,,,,,,,,,,2010
2010-09-01,,,,,,-0.6908210018438277,,,,,,,,,,,2010
2010-12-01,,,,,,-0.4004754600238965,,,,,,,,,,,2011
2011-03-01,,,,,,-0.5566741139572933,,,,,,,,,,,2011
2011-06-01,,,,,,-0.3273388684861072,,,,,,,,,,,2011
2011-09-01,,,,,,0.5682430953327035,,,,,,,,,,,2011
2011-12-01,,,,,,0.2730909401117701,,,,,,,,,,,2012
2012-03-01,,,,,,-0.862405239013591,,,,,,,,,,,2012
2012-06-01,,,,,,-0.74730991072764,,,,,,,,,,,2012
2012-09-01,,,,,,-0.3767089615787212,,,,,,,,,,,2012
2012-12-01,,,,,,0.08573107083579287,,,,,,,,,,,2013
2013-03-01,,,,,,-0.4221123053080409,,,,,,,,,,,2013
2013-06-01,,,,,,-0.024830251503443024,,,,,,,,,,,2013
2013-09-01,,,,,,1.0366365978104537,,,,,,,,,,,2013
2013-12-01,,,,,,-0.5438196864682417,,,,,,,,,,,2014
2014-03-01,,,,,,-0.5009092926365446,,,,,,,,,,,2014
2014-06-01,,,,,,0.02691216508597283,,,,,,,,,,,2014
2014-09-01,,,,,,0.3651042347195244,,,,,,,,,,,2014
2014-12-01,,,,,,0.8716851274406651,,,,,,,,,,,2015
2015-03-01,,,,,,1.058025580583083,,,,,,,,,,,2015
2015-06-01,,,,,,-0.11043726229192283,,,,,,,,,,,2015
2015-09-01,,,,,,0.4128516680881639,,,,,,,,,,,2015
2015-12-01,,,,,,0.11618983305994893,,,,,,,,,,,2016
2016-03-01,,,,,,0.6743117698856785,,,,,,,,,,,2016
2016-06-01,,,,,,-0.1084066807162792,,,,,,,,,,,2016
2016-09-01,,,,,,-0.479125591060991,,,,,,,,,,,2016
2016-12-01,,,,,,0.3411784613015032,,,,,,,,,,,2017
2017-03-01,,,,,,0.6248501452254835,,,,,,,,,,,2017
2017-06-01,,,,,,0.4926969739407777,,,,,,,,,,,2017
2017-09-01,,,,,,-0.8728041587158626,,,,,,,,,,,2017
2017-12-01,,,,,,-0.6453375540006623,,,,,,,,,,,2018
2018-03-01,,,,,,-0.8839844530134101,,,,,,,,,,,2018
2018-06-01,,,,,,-0.620113986018213,,,,,,,,,,,2018
2018-09-01,,,,,,-0.16794618916581877,,,,,,,,,,,2018
2018-12-01,,,,,,0.06730876348873747,,,,,,,,,,,2019
2019-03-01,,,,,,-0.09900324127577505,,,,,,,,,,,2019
2019-06-01,,,,,,-0.006559498025945943,,,,,,,,,,,2019
2019-09-01,,,,,,0.13811839693541184,,,,,,,,,,,2019
2019-12-01,,,,,,-0.048063624669426944,,,,,,,,,,,2020
2020-03-01,,,,,,-0.8189530196482359,,,,,,,,,,,2020
2020-06-01,,,,,,-0.06474616930071558,,,,,,,,,,,2020
2020-09-01,,,,,,-0.5936317367551874,,,,,,,,,,,2020
2020-12-01,,,,,,-0.5842956335740028,,,,,,,,,,,2021
2021-03-01,,,,,,0.7298288676251347,,,,,,,,,,,2021
2021-06-01,,,,,,-0.6436421480706188,,,,,,,,,,,2021
2021-09-01,,,,,,-0.6765706251410215,,,,,,,,,,,2021
2021-12-01,,,,,,-0.23418580114644927,,,,,,,,,,,2022
2022-03-01,,,,,,0.02701318017668735,,,,,,,,,,,2022
2022-06-01,,,,,,0.6361734916807812,,,,,,,,,,,2022
2022-09-01,,,,,,-1.300841074074768,,,,,,,,,,,2022
2004-09-01,,,,,,,0.9302778397861274,,,,,,,,,,2004
2004-12-01,,,,,,,-0.27666815959440927,,,,,,,,,,2005
2005-03-01,,,,,,,0.2063225791992744,,,,,,,,,,2005
2005-06-01,,,,,,,-0.2782768730266018,,,,,,,,,,2005
2005-09-01,,,,,,,0.23037530956322305,,,,,,,,,,2005
2005-12-01,,,,,,,-0.9652072673552321,,,,,,,,,,2006
2006-03-01,,,,,,,-0.699731549494009,,,,,,,,,,2006
2006-06-01,,,,,,,0.8529971692012519,,,,,,,,,,2006
2006-09-01,,,,,,,1.0516910824518408,,,,,,,,,,2006
2006-12-01,,,,,,,1.415482438323306,,,,,,,,,,2007
2007-03-01,,,,,,,0.410906517770286,,,,,,,,,,2007
2007-06-01,,,,,,,0.17049957456964912,,,,,,,,,,2007
2007-09-01,,,,,,,-0.4667623798493924,,,,,,,,,,2007
2007-12-01,,,,,,,1.0460704648759693,,,,,,,,,,2008
2008-03-01,,,,,,,-0.4614642605524123,,,,,,,,,,2008
2008-06-01,,,,,,,-0.14508988057508995,,,,,,,,,,2008
2008-09-01,,,,,,,-0.4565813460618035,,,,,,,,,,2008
2008-12-01,,,,,,,-0.2621171990487376,,,,,,,,,,2009
2009-03-01,,,,,,,0.9954801858060983,,,,,,,,,,2009
2009-06-01,,,,,,,0.7691526444331503,,,,,,,,,,2009
2009-09-01,,,,,,,0.783187473351406,,,,,,,,,,2009
2009-12-01,,,,,,,-0.24020081392167536,,,,,,,,,,2010
2010-03-01,,,,,,,0.5784986486275838,,,,,,,,,,2010
2010-06-01,,,,,,,0.12831950983099394,,,,,,,,,,2010
2010-09-01,,,,,,,-0.6908210018438277,,,,,,,,,,2010
2010-12-01,,,,,,,-0.400475460023896,,,,,,,,,,2011
2011-03-01,,,,,,,-0.5566741139572935,,,,,,,,,,2011
2011-06-01,,,,,,,-0.32733886848610727,,,,,,,,,,2011
2011-09-01,,,,,,,0.5682430953327033,,,,,,,,,,2011
2011-12-01,,,,,,,0.2730909401117702,,,,,,,,,,2012
2012-03-01,,,,,,,-0.8624052390135909,,,,,,,,,,2012
2012-06-01,,,,,,,-0.7473099107276403,,,,,,,,,,2012
2012-09-01,,,,,,,-0.3767089615787213,,,,,,,,,,2012
2012-12-01,,,,,,,0.08573107083579304,,,,,,,,,,2013
2013-03-01,,,,,,,-0.4221123053080414,,,,,,,,,,2013
2013-06-01,,,,,,,-0.02483025150344315,,,,,,,,,,2013
2013-09-01,,,,,,,1.0366365978104535,,,,,,,,,,2013
2013-12-01,,,,,,,-0.5438196864682415,,,,,,,,,,2014
2014-03-01,,,,,,,-0.5009092926365447,,,,,,,,,,2014
2014-06-01,,,,,,,0.026912165085972793,,,,,,,,,,2014
2014-09-01,,,,,,,0.3651042347195243,,,,,,,,,,2014
2014-12-01,,,,,,,0.8716851274406651,,,,,,,,,,2015
2015-03-01,,,,,,,1.0580255805830827,,,,,,,,,,2015
2015-06-01,,,,,,,-0.1104372622919236,,,,,,,,,,2015
2015-09-01,,,,,,,0.4128516680881639,,,,,,,,,,2015
2015-12-01,,,,,,,0.11618983305994916,,,,,,,,,,2016
2016-03-01,,,,,,,0.6743117698856783,,,,,,,,,,2016
2016-06-01,,,,,,,-0.10840668071627974,,,,,,,,,,2016
2016-09-01,,,,,,,-0.479125591060991,,,,,,,,,,2016
2016-12-01,,,,,,,0.3411784613015031,,,,,,,,,,2017
2017-03-01,,,,,,,0.6248501452254837,,,,,,,,,,2017
2017-06-01,,,,,,,0.4926969739407774,,,,,,,,,,2017
2017-09-01,,,,,,,-0.8728041587158627,,,,,,,,,,2017
2017-12-01,,,,,,,-0.6453375540006622,,,,,,,,,,2018
2018-03-01,,,,,,,-0.8839844530134103,,,,,,,,,,2018
2018-06-01,,,,,,,-0.6201139860182131,,,,,,,,,,2018
2018-09-01,,,,,,,-0.16794618916581888,,,,,,,,,,2018
2018-12-01,,,,,,,0.06730876348873743,,,,,,,,,,2019
2019-03-01,,,,,,,-0.0990032412757751,,,,,,,,,,2019
2019-06-01,,,,,,,-0.006559498025946445,,,,,,,,,,2019
2019-09-01,,,,,,,0.13811839693541145,,,,,,,,,,2019
2019-12-01,,,,,,,-0.04806362466942671,,,,,,,,,,2020
2020-03-01,,,,,,,-0.8189530196482361,,,,,,,,,,2020
2020-06-01,,,,,,,-0.06474616930071574,,,,,,,,,,2020
2020-09-01,,,,,,,-0.5936317367551875,,,,,,,,,,2020
2020-12-01,,,,,,,-0.5842956335740025,,,,,,,,,,2021
2021-03-01,,,,,,,0.7298288676251347,,,,,,,,,,2021
2021-06-01,,,,,,,-0.6436421480706193,,,,,,,,,,2021
2021-09-01,,,,,,,-0.6765706251410216,,,,,,,,,,2021
2021-12-01,,,,,,,-0.23418580114644907,,,,,,,,,,2022
2022-03-01,,,,,,,0.02701318017668735,,,,,,,,,,2022
2022-06-01,,,,,,,0.6361734916807813,,,,,,,,,,2022
2022-09-01,,,,,,,-1.300841074074768,,,,,,,,,,2022
2004-09-01,,,,,,,,0.9302778397861272,,,,,,,,,2004
2004-12-01,,,,,,,,-0.27666815959440916,,,,,,,,,2005
2005-03-01,,,,,,,,0.20632257919927463,,,,,,,,,2005
2005-06-01,,,,,,,,-0.2782768730266016,,,,,,,,,2005
2005-09-01,,,,,,,,0.2303753095632232,,,,,,,,,2005
2005-12-01,,,,,,,,-0.9652072673552319,,,,,,,,,2006
2006-03-01,,,,,,,,-0.6997315494940087,,,,,,,,,2006
2006-06-01,,,,,,,,0.852997169201252,,,,,,,,,2006
2006-09-01,,,,,,,,1.0516910824518415,,,,,,,,,2006
2006-12-01,,,,,,,,1.415482438323306,,,,,,,,,2007
2007-03-01,,,,,,,,0.4109065177702858,,,,,,,,,2007
2007-06-01,,,,,,,,0.17049957456964904,,,,,,,,,2007
2007-09-01,,,,,,,,-0.4667623798493923,,,,,,,,,2007
2007-12-01,,,,,,,,1.0460704648759693,,,,,,,,,2008
2008-03-01,,,,,,,,-0.46146426055241224,,,,,,,,,2008
2008-06-01,,,,,,,,-0.14508988057508976,,,,,,,,,2008
2008-09-01,,,,,,,,-0.45658134606180334,,,,,,,,,2008
2008-12-01,,,,,,,,-0.2621171990487377,,,,,,,,,2009
2009-03-01,,,,,,,,0.9954801858060985,,,,,,,,,2009
2009-06-01,,,,,,,,0.7691526444331502,,,,,,,,,2009
2009-09-01,,,,,,,,0.783187473351406,,,,,,,,,2009
2009-12-01,,,,,,,,-0.2402008139216752,,,,,,,,,2010
2010-03-01,,,,,,,,0.5784986486275843,,,,,,,,,2010
2010-06-01,,,,,,,,0.12831950983099394,,,,,,,,,2010
2010-09-01,,,,,,,,-0.6908210018438274,,,,,,,,,2010
2010-12-01,,,,,,,,-0.4004754600238962,,,,,,,,,2011
2011-03-01,,,,,,,,-0.5566741139572936,,,,,,,,,2011
2011-06-01,,,,,,,,-0.32733886848610716,,,,,,,,,2011
2011-09-01,,,,,,,,0.5682430953327033,,,,,,,,,2011
2011-12-01,,,,,,,,0.27309094011177015,,,,,,,,,2012
2012-03-01,,,,,,,,-0.8624052390135912,,,,,,,,,2012
2012-06-01,,,,,,,,-0.7473099107276403,,,,,,,,,2012
2012-09-01,,,,,,,,-0.376708961578721,,,,,,,,,2012
2012-12-01,,,,,,,,0.08573107083579319,,,,,,,,,2013
2013-03-01,,,,,,,,-0.42211230530804117,,,,,,,,,2013
2013-06-01,,,,,,,,-0.024830251503443063,,,,,,,,,2013
2013-09-01,,,,,,,,1.036636597810454,,,,,,,,,2013
2013-12-01,,,,,,,,-0.5438196864682414,,,,,,,,,2014
2014-03-01,,,,,,,,-0.5009092926365446,,,,,,,,,2014
2014-06-01,,,,,,,,0.026912165085972408,,,,,,,,,2014
2014-09-01,,,,,,,,0.36510423471952436,,,,,,,,,2014
2014-12-01,,,,,,,,0.8716851274406648,,,,,,,,,2015
2015-03-01,,,,,,,,1.0580255805830832,,,,,,,,,2015
2015-06-01,,,,,,,,-0.11043726229192306,,,,,,,,,2015
2015-09-01,,,,,,,,0.4128516680881639,,,,,,,,,2015
2015-12-01,,,,,,,,0.116189833059949,,,,,,,,,2016
2016-03-01,,,,,,,,0.6743117698856785,,,,,,,,,2016
2016-06-01,,,,,,,,-0.10840668071627961,,,,,,,,,2016
2016-09-01,,,,,,,,-0.4791255910609907,,,,,,,,,2016
2016-12-01,,,,,,,,0.3411784613015034,,,,,,,,,2017
2017-03-01,,,,,,,,0.6248501452254839,,,,,,,,,2017
2017-06-01,,,,,,,,0.4926969739407777,,,,,,,,,2017
2017-09-01,,,,,,,,-0.8728041587158626,,,,,,,,,2017
2017-12-01,,,,,,,,-0.645337554000662,,,,,,,,,2018
2018-03-01,,,,,,,,-0.8839844530134103,,,,,,,,,2018
2018-06-01,,,,,,,,-0.6201139860182131,,,,,,,,,2018
2018-09-01,,,,,,,,-0.16794618916581852,,,,,,,,,2018
2018-12-01,,,,,,,,0.06730876348873784,,,,,,,,,2019
2019-03-01,,,,,,,,-0.0990032412757752,,,,,,,,,2019
2019-06-01,,,,,,,,-0.006559498025946445,,,,,,,,,2019
2019-09-01,,,,,,,,0.138118396935412,,,,,,,,,2019
2019-12-01,,,,,,,,-0.04806362466942659,,,,,,,,,2020
2020-03-01,,,,,,,,-0.8189530196482359,,,,,,,,,2020
2020-06-01,,,,,,,,-0.06474616930071574,,,,,,,,,2020
2020-09-01,,,,,,,,-0.5936317367551872,,,,,,,,,2020
2020-12-01,,,,,,,,-0.5842956335740024,,,,,,,,,2021
2021-03-01,,,,,,,,0.7298288676251345,,,,,,,,,2021
2021-06-01,,,,,,,,-0.6436421480706189,,,,,,,,,2021
2021-09-01,,,,,,,,-0.6765706251410216,,,,,,,,,2021
2021-12-01,,,,,,,,-0.23418580114644894,,,,,,,,,2022
2022-03-01,,,,,,,,0.02701318017668708,,,,,,,,,2022
2022-06-01,,,,,,,,0.6361734916807812,,,,,,,,,2022
2022-09-01,,,,,,,,-1.3008410740747678,,,,,,,,,2022
2009-09-01,,,,,,,,,0.1702497093803754,,,,,,,,2009
2009-12-01,,,,,,,,,0.06845224014821928,,,,,,,,2010
2010-03-01,,,,,,,,,-0.04755082915525394,,,,,,,,2010
2010-06-01,,,,,,,,,0.705478893884361,,,,,,,,2010
2010-09-01,,,,,,,,,0.5535452887319616,,,,,,,,2010
2010-12-01,,,,,,,,,0.8899583977022799,,,,,,,,2011
2011-03-01,,,,,,,,,0.5895536168800923,,,,,,,,2011
2011-06-01,,,,,,,,,-0.40369479449547446,,,,,,,,2011
2011-09-01,,,,,,,,,-0.06938960168784461,,,,,,,,2011
2011-12-01,,,,,,,,,-0.5169925760303378,,,,,,,,2012
2012-03-01,,,,,,,,,-1.3269948511375191,,,,,,,,2012
2012-06-01,,,,,,,,,0.11991002471913578,,,,,,,,2012
2012-09-01,,,,,,,,,-1.1784054152200159,,,,,,,,2012
2012-12-01,,,,,,,,,-0.7838422200800211,,,,,,,,2013
2013-03-01,,,,,,,,,0.7884905376874979,,,,,,,,2013
2013-06-01,,,,,,,,,0.11886236963613955,,,,,,,,2013
2013-09-01,,,,,,,,,0.8551561442175233,,,,,,,,2013
2013-12-01,,,,,,,,,0.27058355053002053,,,,,,,,2014
2014-03-01,,,,,,,,,0.007492420801672648,,,,,,,,2014
2014-06-01,,,,,,,,,-0.15650588156319586,,,,,,,,2014
2014-09-01,,,,,,,,,0.8192407325234016,,,,,,,,2014
2014-12-01,,,,,,,,,-0.5802653906312057,,,,,,,,2015
2015-03-01,,,,,,,,,0.42387044108518834,,,,,,,,2015
2015-06-01,,,,,,,,,0.5507155073159042,,,,,,,,2015
2015-09-01,,,,,,,,,-0.06841575447771518,,,,,,,,2015
2015-12-01,,,,,,,,,-0.6403455544687774,,,,,,,,2016
2016-03-01,,,,,,,,,0.18411593810897456,,,,,,,,2016
2016-06-01,,,,,,,,,0.06874933805272283,,,,,,,,2016
2016-09-01,,,,,,,,,-0.7343611777952607,,,,,,,,2016
2016-12-01,,,,,,,,,1.8464272449531844,,,,,,,,2017
2017-03-01,,,,,,,,,-0.4211272237028522,,,,,,,,2017
2017-06-01,,,,,,,,,-0.5298849669160697,,,,,,,,2017
2017-09-01,,,,,,,,,0.03446741188857322,,,,,,,,2017
2017-12-01,,,,,,,,,-0.3951060440635956,,,,,,,,2018
2018-03-01,,,,,,,,,-0.41062272394844923,,,,,,,,2018
2018-06-01,,,,,,,,,-0.6372844112692968,,,,,,,,2018
2018-09-01,,,,,,,,,0.6610449240147955,,,,,,,,2018
2018-12-01,,,,,,,,,0.16304352090194524,,,,,,,,2019
2019-03-01,,,,,,,,,1.3411869112293375,,,,,,,,2019
2019-06-01,,,,,,,,,-0.7036058439052708,,,,,,,,2019
2019-09-01,,,,,,,,,-0.8405036377822546,,,,,,,,2019
2019-12-01,,,,,,,,,-0.3126237068062692,,,,,,,,2020
2020-03-01,,,,,,,,,-0.5765405427679499,,,,,,,,2020
2020-06-01,,,,,,,,,-0.10822130711518287,,,,,,,,2020
2020-09-01,,,,,,,,,0.06149072140720612,,,,,,,,2020
2020-12-01,,,,,,,,,-0.3151553239947651,,,,,,,,2021
2021-03-01,,,,,,,,,-0.11461254074443902,,,,,,,,2021
2021-06-01,,,,,,,,,0.362801514389708,,,,,,,,2021
2021-09-01,,,,,,,,,-0.30669365916989233,,,,,,,,2021
2021-12-01,,,,,,,,,0.29380781722789034,,,,,,,,2022
2022-03-01,,,,,,,,,-0.43726115433630064,,,,,,,,2022
2022-06-01,,,,,,,,,0.612679557266519,,,,,,,,2022
2022-09-01,,,,,,,,,0.2993917950867892,,,,,,,,2022
1985-09-01,,,,,,,,,,2.4004875581051337,,,,,,,1985
1985-12-01,,,,,,,,,,0.03328681876572822,,,,,,,1986
1986-03-01,,,,,,,,,,0.27469444444344854,,,,,,,1986
1986-06-01,,,,,,,,,,0.24752530547594886,,,,,,,1986
1986-09-01,,,,,,,,,,0.8293816132116146,,,,,,,1986
1986-12-01,,,,,,,,,,-0.33309541184275687,,,,,,,1987
1987-03-01,,,,,,,,,,-0.6786821552963542,,,,,,,1987
1987-06-01,,,,,,,,,,-0.3023809030315676,,,,,,,1987
1987-09-01,,,,,,,,,,-1.006226305006726,,,,,,,1987
1987-12-01,,,,,,,,,,-0.028809345616655713,,,,,,,1988
1988-03-01,,,,,,,,,,-0.3284521433980659,,,,,,,1988
1988-06-01,,,,,,,,,,0.4436158954818319,,,,,,,1988
1988-09-01,,,,,,,,,,-0.10249234670257723,,,,,,,1988
1988-12-01,,,,,,,,,,0.22930619107738776,,,,,,,1989
1989-03-01,,,,,,,,,,-0.5843826480818943,,,,,,,1989
1989-06-01,,,,,,,,,,-0.1958358238787384,,,,,,,1989
1989-09-01,,,,,,,,,,-0.8279182838273473,,,,,,,1989
1989-12-01,,,,,,,,,,-0.8170669106666613,,,,,,,1990
1990-03-01,,,,,,,,,,0.24918175271262485,,,,,,,1990
1990-06-01,,,,,,,,,,-0.3971641536895968,,,,,,,1990
1990-09-01,,,,,,,,,,0.24587616552878494,,,,,,,1990
1990-12-01,,,,,,,,,,-0.664014305175161,,,,,,,1991
1991-03-01,,,,,,,,,,0.46242285445828246,,,,,,,1991
1991-06-01,,,,,,,,,,0.6205936129632716,,,,,,,1991
1991-09-01,,,,,,,,,,0.1094101634815654,,,,,,,1991
1991-12-01,,,,,,,,,,-0.9797908718476761,,,,,,,1992
1992-03-01,,,,,,,,,,0.31004830040799897,,,,,,,1992
1992-06-01,,,,,,,,,,0.7350013610026861,,,,,,,1992
1992-09-01,,,,,,,,,,-0.24612600630160197,,,,,,,1992
1992-12-01,,,,,,,,,,1.2538515609959695,,,,,,,1993
1993-03-01,,,,,,,,,,0.7240917717037724,,,,,,,1993
1993-06-01,,,,,,,,,,-0.06925563488558634,,,,,,,1993
1993-09-01,,,,,,,,,,0.3824466829850776,,,,,,,1993
1993-12-01,,,,,,,,,,-0.12140585636737772,,,,,,,1994
1994-03-01,,,,,,,,,,-0.36506091267450613,,,,,,,1994
1994-06-01,,,,,,,,,,-0.640866571357876,,,,,,,1994
1994-09-01,,,,,,,,,,-0.07182809354943963,,,,,,,1994
1994-12-01,,,,,,,,,,0.21858885287252272,,,,,,,1995
1995-03-01,,,,,,,,,,2.5670735995836322,,,,,,,1995
1995-06-01,,,,,,,,,,0.5021233096522444,,,,,,,1995
1995-09-01,,,,,,,,,,-0.35844771991092855,,,,,,,1995
1995-12-01,,,,,,,,,,0.3777122981471562,,,,,,,1996
1996-03-01,,,,,,,,,,-0.1015452386622692,,,,,,,1996
1996-06-01,,,,,,,,,,-0.719063972677903,,,,,,,1996
1996-09-01,,,,,,,,,,0.9410803987185945,,,,,,,1996
1996-12-01,,,,,,,,,,0.45953898112772656,,,,,,,1997
1997-03-01,,,,,,,,,,0.20715185831137944,,,,,,,1997
1997-06-01,,,,,,,,,,0.2157283671408288,,,,,,,1997
1997-09-01,,,,,,,,,,0.552568642257088,,,,,,,1997
1997-12-01,,,,,,,,,,-0.14569514531101746,,,,,,,1998
1998-03-01,,,,,,,,,,0.12748362247939427,,,,,,,1998
1998-06-01,,,,,,,,,,0.718183519730228,,,,,,,1998
1998-09-01,,,,,,,,,,-0.24057505504963975,,,,,,,1998
1998-12-01,,,,,,,,,,-0.3591520798516797,,,,,,,1999
1999-03-01,,,,,,,,,,0.18613691111075567,,,,,,,1999
1999-06-01,,,,,,,,,,0.7073801086954254,,,,,,,1999
1999-09-01,,,,,,,,,,-0.8218345246270443,,,,,,,1999
1999-12-01,,,,,,,,,,0.19093528358699585,,,,,,,2000
2000-03-01,,,,,,,,,,-0.06668123953410525,,,,,,,2000
2000-06-01,,,,,,,,,,0.3555582757259138,,,,,,,2000
2000-09-01,,,,,,,,,,-0.5304486943929569,,,,,,,2000
2000-12-01,,,,,,,,,,-0.5940732568241073,,,,,,,2001
2001-03-01,,,,,,,,,,-0.3323153086321017,,,,,,,2001
2001-06-01,,,,,,,,,,1.2386050124204646,,,,,,,2001
2001-09-01,,,,,,,,,,-0.4318249725298327,,,,,,,2001
2001-12-01,,,,,,,,,,-0.9616007296904687,,,,,,,2002
2002-03-01,,,,,,,,,,-0.7973877247096328,,,,,,,2002
2002-06-01,,,,,,,,,,-0.5141256106204463,,,,,,,2002
2002-09-01,,,,,,,,,,0.799872957532997,,,,,,,2002
2002-12-01,,,,,,,,,,-0.6927220417820077,,,,,,,2003
2003-03-01,,,,,,,,,,0.7502247974503243,,,,,,,2003
2003-06-01,,,,,,,,,,-0.24887923673167173,,,,,,,2003
2003-09-01,,,,,,,,,,0.32889825427763125,,,,,,,2003
2003-12-01,,,,,,,,,,-0.16758499500669632,,,,,,,2004
2004-03-01,,,,,,,,,,-0.5032798068982673,,,,,,,2004
2004-06-01,,,,,,,,,,-1.2459885987749308,,,,,,,2004
2004-09-01,,,,,,,,,,0.7870682543511407,,,,,,,2004
2004-12-01,,,,,,,,,,0.8249031142015402,,,,,,,2005
2005-03-01,,,,,,,,,,-0.11993768866031161,,,,,,,2005
2005-06-01,,,,,,,,,,0.13519778801991952,,,,,,,2005
2005-09-01,,,,,,,,,,0.46866131649572673,,,,,,,2005
2005-12-01,,,,,,,,,,-0.09932076508349767,,,,,,,2006
2006-03-01,,,,,,,,,,-0.23578117443297725,,,,,,,2006
2006-06-01,,,,,,,,,,0.059678687191483615,,,,,,,2006
2006-09-01,,,,,,,,,,1.5722451514716353,,,,,,,2006
2006-12-01,,,,,,,,,,-0.39330039022275576,,,,,,,2007
2007-03-01,,,,,,,,,,-0.4914293568374719,,,,,,,2007
2007-06-01,,,,,,,,,,-0.008786851309989295,,,,,,,2007
2007-09-01,,,,,,,,,,0.33864589796805433,,,,,,,2007
2007-12-01,,,,,,,,,,1.9092606275049968,,,,,,,2008
2008-03-01,,,,,,,,,,0.05140043454333445,,,,,,,2008
2008-06-01,,,,,,,,,,-0.17751486664805702,,,,,,,2008
2008-09-01,,,,,,,,,,-0.6033976544725894,,,,,,,2008
2008-12-01,,,,,,,,,,0.9938861676267012,,,,,,,2009
2009-03-01,,,,,,,,,,0.24955537765010644,,,,,,,2009
2009-06-01,,,,,,,,,,-0.7758095932506511,,,,,,,2009
2009-09-01,,,,,,,,,,0.04893810367767036,,,,,,,2009
2009-12-01,,,,,,,,,,0.1800461796381588,,,,,,,2010
2010-03-01,,,,,,,,,,0.2758188805759982,,,,,,,2010
2010-06-01,,,,,,,,,,0.3793375038521248,,,,,,,2010
2010-09-01,,,,,,,,,,0.38752629450872467,,,,,,,2010
2010-12-01,,,,,,,,,,0.7427744426511415,,,,,,,2011
2011-03-01,,,,,,,,,,1.0037759526897119,,,,,,,2011
2011-06-01,,,,,,,,,,-0.5766746247794323,,,,,,,2011
2011-09-01,,,,,,,,,,0.05293784262573323,,,,,,,2011
2011-12-01,,,,,,,,,,-0.3523610510351885,,,,,,,2012
2012-03-01,,,,,,,,,,-1.1543287402021363,,,,,,,2012
2012-06-01,,,,,,,,,,-0.17285424146824804,,,,,,,2012
2012-09-01,,,,,,,,,,-0.9076783080425351,,,,,,,2012
2012-12-01,,,,,,,,,,-0.09181443022788977,,,,,,,2013
2013-03-01,,,,,,,,,,0.20278102964041028,,,,,,,2013
2013-06-01,,,,,,,,,,0.19254147850087092,,,,,,,2013
2013-09-01,,,,,,,,,,0.6972821744317019,,,,,,,2013
2013-12-01,,,,,,,,,,-0.14163018315162826,,,,,,,2014
2014-03-01,,,,,,,,,,0.23776838330769792,,,,,,,2014
2014-06-01,,,,,,,,,,0.1368254955782984,,,,,,,2014
2014-09-01,,,,,,,,,,-0.1197147118926124,,,,,,,2014
2014-12-01,,,,,,,,,,-0.839911122670563,,,,,,,2015
2015-03-01,,,,,,,,,,0.24538916583719367,,,,,,,2015
2015-06-01,,,,,,,,,,0.7034306841800693,,,,,,,2015
2015-09-01,,,,,,,,,,-0.13412172611924106,,,,,,,2015
2015-12-01,,,,,,,,,,-0.585798358900904,,,,,,,2016
2016-03-01,,,,,,,,,,-0.3329356426478317,,,,,,,2016
2016-06-01,,,,,,,,,,-0.5318961389309499,,,,,,,2016
2016-09-01,,,,,,,,,,-0.9134669420466122,,,,,,,2016
2016-12-01,,,,,,,,,,1.195346113702591,,,,,,,2017
2017-03-01,,,,,,,,,,-0.6087530970796252,,,,,,,2017
2017-06-01,,,,,,,,,,-0.2843783827866038,,,,,,,2017
2017-09-01,,,,,,,,,,-0.7348781909260784,,,,,,,2017
2017-12-01,,,,,,,,,,-0.5059439120576749,,,,,,,2018
2018-03-01,,,,,,,,,,-0.6864084857644305,,,,,,,2018
2018-06-01,,,,,,,,,,-1.0194853252139395,,,,,,,2018
2018-09-01,,,,,,,,,,-0.23578019924306198,,,,,,,2018
2018-12-01,,,,,,,,,,0.046197062785177816,,,,,,,2019
2019-03-01,,,,,,,,,,0.9237975476386365,,,,,,,2019
2019-06-01,,,,,,,,,,-0.4656506474741082,,,,,,,2019
2019-09-01,,,,,,,,,,-0.6547903638047718,,,,,,,2019
2019-12-01,,,,,,,,,,-0.05725050269530425,,,,,,,2020
2020-03-01,,,,,,,,,,-0.6108857374458184,,,,,,,2020
2020-06-01,,,,,,,,,,-0.9780696548165165,,,,,,,2020
2020-09-01,,,,,,,,,,-0.8215641641650407,,,,,,,2020
2020-12-01,,,,,,,,,,-0.1980332047532377,,,,,,,2021
2021-03-01,,,,,,,,,,-0.5579922292967681,,,,,,,2021
2021-06-01,,,,,,,,,,0.9263658360605337,,,,,,,2021
2021-09-01,,,,,,,,,,-0.1486619076889121,,,,,,,2021
2021-12-01,,,,,,,,,,0.46278681377784353,,,,,,,2022
2022-03-01,,,,,,,,,,-0.4925573542901301,,,,,,,2022
2022-06-01,,,,,,,,,,1.0069885906546616,,,,,,,2022
2022-09-01,,,,,,,,,,-0.7285513892604495,,,,,,,2022
2009-09-01,,,,,,,,,,,0.06683602194156599,,,,,,2009
2009-12-01,,,,,,,,,,,0.26103270472419976,,,,,,2010
2010-03-01,,,,,,,,,,,0.40139787430282126,,,,,,2010
2010-06-01,,,,,,,,,,,0.5469830450154396,,,,,,2010
2010-09-01,,,,,,,,,,,1.092665734634315,,,,,,2010
2010-12-01,,,,,,,,,,,0.8080458811983798,,,,,,2011
2011-03-01,,,,,,,,,,,1.1662106194233166,,,,,,2011
2011-06-01,,,,,,,,,,,-0.5271120589843352,,,,,,2011
2011-09-01,,,,,,,,,,,0.46148572300909835,,,,,,2011
2011-12-01,,,,,,,,,,,-0.29922510857566686,,,,,,2012
2012-03-01,,,,,,,,,,,-1.1236595875462536,,,,,,2012
2012-06-01,,,,,,,,,,,-0.2568014605702804,,,,,,2012
2012-09-01,,,,,,,,,,,-0.877934585850654,,,,,,2012
2012-12-01,,,,,,,,,,,-0.16885077318509684,,,,,,2013
2013-03-01,,,,,,,,,,,0.31404195610696817,,,,,,2013
2013-06-01,,,,,,,,,,,0.12075596285091902,,,,,,2013
2013-09-01,,,,,,,,,,,1.3742496200474061,,,,,,2013
2013-12-01,,,,,,,,,,,-0.06862671222054115,,,,,,2014
2014-03-01,,,,,,,,,,,0.3938663325582699,,,,,,2014
2014-06-01,,,,,,,,,,,0.17619918726894598,,,,,,2014
2014-09-01,,,,,,,,,,,0.30508929845678545,,,,,,2014
2014-12-01,,,,,,,,,,,-1.100724566477156,,,,,,2015
2015-03-01,,,,,,,,,,,0.370479789795869,,,,,,2015
2015-06-01,,,,,,,,,,,0.8308810741629485,,,,,,2015
2015-09-01,,,,,,,,,,,0.20005017327763225,,,,,,2015
2015-12-01,,,,,,,,,,,-0.8456344595656016,,,,,,2016
2016-03-01,,,,,,,,,,,-0.26628316228601906,,,,,,2016
2016-06-01,,,,,,,,,,,-0.48563419892251125,,,,,,2016
2016-09-01,,,,,,,,,,,-0.826444814482314,,,,,,2016
2016-12-01,,,,,,,,,,,1.3647285106342915,,,,,,2017
2017-03-01,,,,,,,,,,,-0.5280965454363861,,,,,,2017
2017-06-01,,,,,,,,,,,-0.3154922075215566,,,,,,2017
2017-09-01,,,,,,,,,,,-0.7753752269460219,,,,,,2017
2017-12-01,,,,,,,,,,,-0.35698515178734613,,,,,,2018
2018-03-01,,,,,,,,,,,-0.6223949998170779,,,,,,2018
2018-06-01,,,,,,,,,,,-0.9534757457237784,,,,,,2018
2018-09-01,,,,,,,,,,,0.03516876963841241,,,,,,2018
2018-12-01,,,,,,,,,,,0.22487745965778036,,,,,,2019
2019-03-01,,,,,,,,,,,1.18265118677985,,,,,,2019
2019-06-01,,,,,,,,,,,-0.24549158960522693,,,,,,2019
2019-09-01,,,,,,,,,,,-0.44783485253103916,,,,,,2019
2019-12-01,,,,,,,,,,,-0.032922239623909076,,,,,,2020
2020-03-01,,,,,,,,,,,-0.4835992194651154,,,,,,2020
2020-06-01,,,,,,,,,,,-0.8071563687835834,,,,,,2020
2020-09-01,,,,,,,,,,,-0.5121357543268182,,,,,,2020
2020-12-01,,,,,,,,,,,-0.12241020451758441,,,,,,2021
2021-03-01,,,,,,,,,,,-0.41932130538117957,,,,,,2021
2021-06-01,,,,,,,,,,,0.8956025853989967,,,,,,2021
2021-09-01,,,,,,,,,,,0.10726812304027404,,,,,,2021
2021-12-01,,,,,,,,,,,0.3245783876939725,,,,,,2022
2022-03-01,,,,,,,,,,,-0.38529293903506334,,,,,,2022
2022-06-01,,,,,,,,,,,1.0207417754140236,,,,,,2022
2022-09-01,,,,,,,,,,,-0.5491982754479837,,,,,,2022
2009-09-01,,,,,,,,,,,,0.06683602194156633,,,,,2009
2009-12-01,,,,,,,,,,,,0.2610327047241997,,,,,2010
2010-03-01,,,,,,,,,,,,0.40139787430282076,,,,,2010
2010-06-01,,,,,,,,,,,,0.5469830450154397,,,,,2010
2010-09-01,,,,,,,,,,,,1.0926657346343152,,,,,2010
2010-12-01,,,,,,,,,,,,0.8080458811983802,,,,,2011
2011-03-01,,,,,,,,,,,,1.166210619423317,,,,,2011
2011-06-01,,,,,,,,,,,,-0.5271120589843352,,,,,2011
2011-09-01,,,,,,,,,,,,0.4614857230090982,,,,,2011
2011-12-01,,,,,,,,,,,,-0.2992251085756666,,,,,2012
2012-03-01,,,,,,,,,,,,-1.1236595875462536,,,,,2012
2012-06-01,,,,,,,,,,,,-0.2568014605702806,,,,,2012
2012-09-01,,,,,,,,,,,,-0.877934585850654,,,,,2012
2012-12-01,,,,,,,,,,,,-0.16885077318509686,,,,,2013
2013-03-01,,,,,,,,,,,,0.31404195610696833,,,,,2013
2013-06-01,,,,,,,,,,,,0.12075596285091905,,,,,2013
2013-09-01,,,,,,,,,,,,1.3742496200474064,,,,,2013
2013-12-01,,,,,,,,,,,,-0.06862671222054119,,,,,2014
2014-03-01,,,,,,,,,,,,0.39386633255827025,,,,,2014
2014-06-01,,,,,,,,,,,,0.17619918726894637,,,,,2014
2014-09-01,,,,,,,,,,,,0.3050892984567854,,,,,2014
2014-12-01,,,,,,,,,,,,-1.1007245664771559,,,,,2015
2015-03-01,,,,,,,,,,,,0.3704797897958688,,,,,2015
2015-06-01,,,,,,,,,,,,0.8308810741629481,,,,,2015
2015-09-01,,,,,,,,,,,,0.2000501732776321,,,,,2015
2015-12-01,,,,,,,,,,,,-0.8456344595656012,,,,,2016
2016-03-01,,,,,,,,,,,,-0.26628316228601895,,,,,2016
2016-06-01,,,,,,,,,,,,-0.4856341989225115,,,,,2016
2016-09-01,,,,,,,,,,,,-0.8264448144823138,,,,,2016
2016-12-01,,,,,,,,,,,,1.3647285106342912,,,,,2017
2017-03-01,,,,,,,,,,,,-0.528096545436386,,,,,2017
2017-06-01,,,,,,,,,,,,-0.3154922075215565,,,,,2017
2017-09-01,,,,,,,,,,,,-0.7753752269460216,,,,,2017
2017-12-01,,,,,,,,,,,,-0.35698515178734547,,,,,2018
2018-03-01,,,,,,,,,,,,-0.6223949998170779,,,,,2018
2018-06-01,,,,,,,,,,,,-0.9534757457237785,,,,,2018
2018-09-01,,,,,,,,,,,,0.03516876963841262,,,,,2018
2018-12-01,,,,,,,,,,,,0.2248774596577809,,,,,2019
2019-03-01,,,,,,,,,,,,1.1826511867798504,,,,,2019
2019-06-01,,,,,,,,,,,,-0.24549158960522702,,,,,2019
2019-09-01,,,,,,,,,,,,-0.447834852531039,,,,,2019
2019-12-01,,,,,,,,,,,,-0.032922239623908826,,,,,2020
2020-03-01,,,,,,,,,,,,-0.4835992194651154,,,,,2020
2020-06-01,,,,,,,,,,,,-0.8071563687835833,,,,,2020
2020-09-01,,,,,,,,,,,,-0.5121357543268186,,,,,2020
2020-12-01,,,,,,,,,,,,-0.12241020451758398,,,,,2021
2021-03-01,,,,,,,,,,,,-0.4193213053811796,,,,,2021
2021-06-01,,,,,,,,,,,,0.8956025853989967,,,,,2021
2021-09-01,,,,,,,,,,,,0.10726812304027408,,,,,2021
2021-12-01,,,,,,,,,,,,0.3245783876939723,,,,,2022
2022-03-01,,,,,,,,,,,,-0.38529293903506334,,,,,2022
2022-06-01,,,,,,,,,,,,1.020741775414023,,,,,2022
2022-09-01,,,,,,,,,,,,-0.5491982754479834,,,,,2022
2001-09-01,,,,,,,,,,,,,-0.04667589935723871,,,,2001
2001-12-01,,,,,,,,,,,,,-0.6014536031179739,,,,2002
2002-03-01,,,,,,,,,,,,,-1.4546378499798711,,,,2002
2002-06-01,,,,,,,,,,,,,-0.7174250954305055,,,,2002
2002-09-01,,,,,,,,,,,,,0.6439274594357317,,,,2002
2002-12-01,,,,,,,,,,,,,-1.0883605985280416,,,,2003
2003-03-01,,,,,,,,,,,,,0.9190969428132022,,,,2003
2003-06-01,,,,,,,,,,,,,1.2695457103318097,,,,2003
2003-09-01,,,,,,,,,,,,,-0.3002779333759482,,,,2003
2003-12-01,,,,,,,,,,,,,-0.3082802562795242,,,,2004
2004-03-01,,,,,,,,,,,,,-1.0850698514824157,,,,2004
2004-06-01,,,,,,,,,,,,,0.819120607522508,,,,2004
2004-09-01,,,,,,,,,,,,,0.03282427135259458,,,,2004
2004-12-01,,,,,,,,,,,,,-0.6207198727257376,,,,2005
2005-03-01,,,,,,,,,,,,,-0.17264280897679016,,,,2005
2005-06-01,,,,,,,,,,,,,1.0051611689945956,,,,2005
2005-09-01,,,,,,,,,,,,,1.4524094417334301,,,,2005
2005-12-01,,,,,,,,,,,,,0.3171074818620364,,,,2006
2006-03-01,,,,,,,,,,,,,-0.9181303423006334,,,,2006
2006-06-01,,,,,,,,,,,,,-0.1105531388128815,,,,2006
2006-09-01,,,,,,,,,,,,,0.6986040170122326,,,,2006
2006-12-01,,,,,,,,,,,,,-0.162948408467127,,,,2007
2007-03-01,,,,,,,,,,,,,-0.3028481553824761,,,,2007
2007-06-01,,,,,,,,,,,,,-0.2533322387424761,,,,2007
2007-09-01,,,,,,,,,,,,,0.1627913823078807,,,,2007
2007-12-01,,,,,,,,,,,,,1.4910498912541825,,,,2008
2008-03-01,,,,,,,,,,,,,0.4620560511065764,,,,2008
2008-06-01,,,,,,,,,,,,,0.008573915813187111,,,,2008
2008-09-01,,,,,,,,,,,,,0.14908819666678508,,,,2008
2008-12-01,,,,,,,,,,,,,0.5098451546471531,,,,2009
2009-03-01,,,,,,,,,,,,,0.1432034096889539,,,,2009
2009-06-01,,,,,,,,,,,,,-0.6115099669110723,,,,2009
2009-09-01,,,,,,,,,,,,,-0.7398972424075219,,,,2009
2009-12-01,,,,,,,,,,,,,-0.6924570184506462,,,,2010
2010-03-01,,,,,,,,,,,,,0.45269809202576977,,,,2010
2010-06-01,,,,,,,,,,,,,0.5008118029804932,,,,2010
2010-09-01,,,,,,,,,,,,,0.17481336538365883,,,,2010
2010-12-01,,,,,,,,,,,,,0.17749378115805758,,,,2011
2011-03-01,,,,,,,,,,,,,1.2907085598886,,,,2011
2011-06-01,,,,,,,,,,,,,0.16315014877887024,,,,2011
2011-09-01,,,,,,,,,,,,,-0.2767091943602629,,,,2011
2011-12-01,,,,,,,,,,,,,-0.5929466087204458,,,,2012
2012-03-01,,,,,,,,,,,,,-1.3152216648901212,,,,2012
2012-06-01,,,,,,,,,,,,,0.4789073266505551,,,,2012
2012-09-01,,,,,,,,,,,,,-0.9569391274083655,,,,2012
2012-12-01,,,,,,,,,,,,,-0.1529179968911079,,,,2013
2013-03-01,,,,,,,,,,,,,0.8706815166682137,,,,2013
2013-06-01,,,,,,,,,,,,,-0.4582304729630632,,,,2013
2013-09-01,,,,,,,,,,,,,0.48393932224138597,,,,2013
2013-12-01,,,,,,,,,,,,,0.5936948572863117,,,,2014
2014-03-01,,,,,,,,,,,,,0.36613781614540153,,,,2014
2014-06-01,,,,,,,,,,,,,-0.0472917058970316,,,,2014
2014-09-01,,,,,,,,,,,,,0.38436688723991447,,,,2014
2014-12-01,,,,,,,,,,,,,-0.004068438155384868,,,,2015
2015-03-01,,,,,,,,,,,,,0.20925702104801988,,,,2015
2015-06-01,,,,,,,,,,,,,-0.17004990877076145,,,,2015
2015-09-01,,,,,,,,,,,,,0.37198825632957977,,,,2015
2015-12-01,,,,,,,,,,,,,-0.367680692329724,,,,2016
2016-03-01,,,,,,,,,,,,,0.14388652815274505,,,,2016
2016-06-01,,,,,,,,,,,,,-0.3322237097249836,,,,2016
2016-09-01,,,,,,,,,,,,,-0.9413682885577723,,,,2016
2016-12-01,,,,,,,,,,,,,1.175040393716018,,,,2017
2017-03-01,,,,,,,,,,,,,0.5348412581949781,,,,2017
2017-06-01,,,,,,,,,,,,,-0.31189892969966404,,,,2017
2017-09-01,,,,,,,,,,,,,-0.17931034400230375,,,,2017
2017-12-01,,,,,,,,,,,,,0.2511237339021412,,,,2018
2018-03-01,,,,,,,,,,,,,-0.231084757583041,,,,2018
2018-06-01,,,,,,,,,,,,,-0.5275411660865931,,,,2018
2018-09-01,,,,,,,,,,,,,0.1826412214204824,,,,2018
2018-12-01,,,,,,,,,,,,,-0.4267424888854385,,,,2019
2019-03-01,,,,,,,,,,,,,0.8751955599309806,,,,2019
2019-06-01,,,,,,,,,,,,,-0.5083377590036221,,,,2019
2019-09-01,,,,,,,,,,,,,0.01387432317330786,,,,2019
2019-12-01,,,,,,,,,,,,,0.6918656811005787,,,,2020
2020-03-01,,,,,,,,,,,,,-0.591648042908205,,,,2020
2020-06-01,,,,,,,,,,,,,-0.6191284605821189,,,,2020
2020-09-01,,,,,,,,,,,,,-0.7311184813546902,,,,2020
2020-12-01,,,,,,,,,,,,,-0.25797356457796006,,,,2021
2021-03-01,,,,,,,,,,,,,-0.2545564762809887,,,,2021
2021-06-01,,,,,,,,,,,,,0.7126893764094527,,,,2021
2021-09-01,,,,,,,,,,,,,-0.5943592926016414,,,,2021
2021-12-01,,,,,,,,,,,,,0.08291323639912596,,,,2022
2022-03-01,,,,,,,,,,,,,0.05807719412110525,,,,2022
2022-06-01,,,,,,,,,,,,,-0.8906750148938687,,,,2022
2001-09-01,,,,,,,,,,,,,,-0.046675899357238995,,,2001
2001-12-01,,,,,,,,,,,,,,-0.6014536031179746,,,2002
2002-03-01,,,,,,,,,,,,,,-1.4546378499798718,,,2002
2002-06-01,,,,,,,,,,,,,,-0.7174250954305057,,,2002
2002-09-01,,,,,,,,,,,,,,0.6439274594357315,,,2002
2002-12-01,,,,,,,,,,,,,,-1.088360598528042,,,2003
2003-03-01,,,,,,,,,,,,,,0.9190969428132015,,,2003
2003-06-01,,,,,,,,,,,,,,1.269545710331809,,,2003
2003-09-01,,,,,,,,,,,,,,-0.30027793337594816,,,2003
2003-12-01,,,,,,,,,,,,,,-0.30828025627952454,,,2004
2004-03-01,,,,,,,,,,,,,,-1.085069851482416,,,2004
2004-06-01,,,,,,,,,,,,,,0.8191206075225076,,,2004
2004-09-01,,,,,,,,,,,,,,0.03282427135259415,,,2004
2004-12-01,,,,,,,,,,,,,,-0.6207198727257381,,,2005
2005-03-01,,,,,,,,,,,,,,-0.17264280897679085,,,2005
2005-06-01,,,,,,,,,,,,,,1.0051611689945956,,,2005
2005-09-01,,,,,,,,,,,,,,1.45240944173343,,,2005
2005-12-01,,,,,,,,,,,,,,0.317107481862036,,,2006
2006-03-01,,,,,,,,,,,,,,-0.9181303423006338,,,2006
2006-06-01,,,,,,,,,,,,,,-0.11055313881288154,,,2006
2006-09-01,,,,,,,,,,,,,,0.698604017012232,,,2006
2006-12-01,,,,,,,,,,,,,,-0.16294840846712716,,,2007
2007-03-01,,,,,,,,,,,,,,-0.3028481553824767,,,2007
2007-06-01,,,,,,,,,,,,,,-0.253332238742476,,,2007
2007-09-01,,,,,,,,,,,,,,0.16279138230788048,,,2007
2007-12-01,,,,,,,,,,,,,,1.4910498912541825,,,2008
2008-03-01,,,,,,,,,,,,,,0.4620560511065764,,,2008
2008-06-01,,,,,,,,,,,,,,0.008573915813186919,,,2008
2008-09-01,,,,,,,,,,,,,,0.14908819666678477,,,2008
2008-12-01,,,,,,,,,,,,,,0.5098451546471532,,,2009
2009-03-01,,,,,,,,,,,,,,0.14320340968895315,,,2009
2009-06-01,,,,,,,,,,,,,,-0.6115099669110723,,,2009
2009-09-01,,,,,,,,,,,,,,-0.7398972424075222,,,2009
2009-12-01,,,,,,,,,,,,,,-0.6924570184506463,,,2010
2010-03-01,,,,,,,,,,,,,,0.45269809202576916,,,2010
2010-06-01,,,,,,,,,,,,,,0.5008118029804932,,,2010
2010-09-01,,,,,,,,,,,,,,0.17481336538365844,,,2010
2010-12-01,,,,,,,,,,,,,,0.17749378115805736,,,2011
2011-03-01,,,,,,,,,,,,,,1.290708559888599,,,2011
2011-06-01,,,,,,,,,,,,,,0.16315014877887019,,,2011
2011-09-01,,,,,,,,,,,,,,-0.2767091943602629,,,2011
2011-12-01,,,,,,,,,,,,,,-0.5929466087204461,,,2012
2012-03-01,,,,,,,,,,,,,,-1.3152216648901214,,,2012
2012-06-01,,,,,,,,,,,,,,0.47890732665055485,,,2012
2012-09-01,,,,,,,,,,,,,,-0.9569391274083655,,,2012
2012-12-01,,,,,,,,,,,,,,-0.1529179968911085,,,2013
2013-03-01,,,,,,,,,,,,,,0.8706815166682134,,,2013
2013-06-01,,,,,,,,,,,,,,-0.4582304729630632,,,2013
2013-09-01,,,,,,,,,,,,,,0.48393932224138553,,,2013
2013-12-01,,,,,,,,,,,,,,0.5936948572863118,,,2014
2014-03-01,,,,,,,,,,,,,,0.36613781614540114,,,2014
2014-06-01,,,,,,,,,,,,,,-0.04729170589703176,,,2014
2014-09-01,,,,,,,,,,,,,,0.384366887239915,,,2014
2014-12-01,,,,,,,,,,,,,,-0.004068438155384927,,,2015
2015-03-01,,,,,,,,,,,,,,0.20925702104801905,,,2015
2015-06-01,,,,,,,,,,,,,,-0.1700499087707617,,,2015
2015-09-01,,,,,,,,,,,,,,0.3719882563295798,,,2015
2015-12-01,,,,,,,,,,,,,,-0.36768069232972433,,,2016
2016-03-01,,,,,,,,,,,,,,0.1438865281527443,,,2016
2016-06-01,,,,,,,,,,,,,,-0.3322237097249836,,,2016
2016-09-01,,,,,,,,,,,,,,-0.9413682885577727,,,2016
2016-12-01,,,,,,,,,,,,,,1.1750403937160177,,,2017
2017-03-01,,,,,,,,,,,,,,0.5348412581949775,,,2017
2017-06-01,,,,,,,,,,,,,,-0.31189892969966426,,,2017
2017-09-01,,,,,,,,,,,,,,-0.17931034400230353,,,2017
2017-12-01,,,,,,,,,,,,,,0.25112373390214077,,,2018
2018-03-01,,,,,,,,,,,,,,-0.23108475758304123,,,2018
2018-06-01,,,,,,,,,,,,,,-0.5275411660865931,,,2018
2018-09-01,,,,,,,,,,,,,,0.1826412214204826,,,2018
2018-12-01,,,,,,,,,,,,,,-0.4267424888854385,,,2019
2019-03-01,,,,,,,,,,,,,,0.87519555993098,,,2019
2019-06-01,,,,,,,,,,,,,,-0.5083377590036224,,,2019
2019-09-01,,,,,,,,,,,,,,0.013874323173307938,,,2019
2019-12-01,,,,,,,,,,,,,,0.6918656811005789,,,2020
2020-03-01,,,,,,,,,,,,,,-0.5916480429082054,,,2020
2020-06-01,,,,,,,,,,,,,,-0.6191284605821189,,,2020
2020-09-01,,,,,,,,,,,,,,-0.7311184813546903,,,2020
2020-12-01,,,,,,,,,,,,,,-0.25797356457796017,,,2021
2021-03-01,,,,,,,,,,,,,,-0.2545564762809891,,,2021
2021-06-01,,,,,,,,,,,,,,0.7126893764094525,,,2021
2021-09-01,,,,,,,,,,,,,,-0.5943592926016418,,,2021
2021-12-01,,,,,,,,,,,,,,0.08291323639912576,,,2022
2022-03-01,,,,,,,,,,,,,,0.05807719412110486,,,2022
2022-06-01,,,,,,,,,,,,,,-0.8906750148938686,,,2022
1980-06-01,,,,,,,,,,,,,,,-0.3050292857066807,,1980
1980-09-01,,,,,,,,,,,,,,,-0.4174366631722191,,1980
1980-12-01,,,,,,,,,,,,,,,-1.1046511178064429,,1981
1981-03-01,,,,,,,,,,,,,,,-0.08616202131548774,,1981
1981-06-01,,,,,,,,,,,,,,,0.006239633161777095,,1981
1981-09-01,,,,,,,,,,,,,,,-0.5377379014544613,,1981
1981-12-01,,,,,,,,,,,,,,,0.5055977578461631,,1982
1982-03-01,,,,,,,,,,,,,,,0.3632346012530944,,1982
1982-06-01,,,,,,,,,,,,,,,0.1386380410422983,,1982
1982-09-01,,,,,,,,,,,,,,,-0.06215699821205715,,1982
1982-12-01,,,,,,,,,,,,,,,-0.3937572429159396,,1983
1983-03-01,,,,,,,,,,,,,,,1.7059861655473234,,1983
1983-06-01,,,,,,,,,,,,,,,0.9387329273841497,,1983
1983-09-01,,,,,,,,,,,,,,,0.21171636187420745,,1983
1983-12-01,,,,,,,,,,,,,,,0.4633848757741212,,1984
1984-03-01,,,,,,,,,,,,,,,0.23975428385936662,,1984
1984-06-01,,,,,,,,,,,,,,,1.6372400140668166,,1984
1984-09-01,,,,,,,,,,,,,,,0.9044896016266423,,1984
1984-12-01,,,,,,,,,,,,,,,-0.28503066261573284,,1985
1985-03-01,,,,,,,,,,,,,,,-0.2118732413695208,,1985
1985-06-01,,,,,,,,,,,,,,,-0.545789413089927,,1985
1985-09-01,,,,,,,,,,,,,,,1.5602432622752795,,1985
1985-12-01,,,,,,,,,,,,,,,0.7584717899025318,,1986
1986-03-01,,,,,,,,,,,,,,,-0.5034330745610297,,1986
1986-06-01,,,,,,,,,,,,,,,0.6547429425469341,,1986
1986-09-01,,,,,,,,,,,,,,,0.047971707935073105,,1986
1986-12-01,,,,,,,,,,,,,,,-0.7086150471360239,,1987
1987-03-01,,,,,,,,,,,,,,,-0.8780466493722384,,1987
1987-06-01,,,,,,,,,,,,,,,0.04907658869553527,,1987
1987-09-01,,,,,,,,,,,,,,,-0.2892811869034694,,1987
1987-12-01,,,,,,,,,,,,,,,0.07233283491310047,,1988
1988-03-01,,,,,,,,,,,,,,,-0.0969891640100239,,1988
1988-06-01,,,,,,,,,,,,,,,-0.3869504520981763,,1988
1988-09-01,,,,,,,,,,,,,,,-0.09559172156076416,,1988
1988-12-01,,,,,,,,,,,,,,,-0.3972036642440366,,1989
1989-03-01,,,,,,,,,,,,,,,0.5029490121526339,,1989
1989-06-01,,,,,,,,,,,,,,,-0.08566568623260451,,1989
1989-09-01,,,,,,,,,,,,,,,-0.44242515350095196,,1989
1989-12-01,,,,,,,,,,,,,,,-0.26486505042091923,,1990
1990-03-01,,,,,,,,,,,,,,,0.5292241198589318,,1990
1990-06-01,,,,,,,,,,,,,,,-0.5574138088427963,,1990
1990-09-01,,,,,,,,,,,,,,,-0.1338370298405382,,1990
1990-12-01,,,,,,,,,,,,,,,-0.6941204807202735,,1991
1991-03-01,,,,,,,,,,,,,,,0.73460577384269,,1991
1991-06-01,,,,,,,,,,,,,,,0.2775308778852382,,1991
1991-09-01,,,,,,,,,,,,,,,0.007536844315852795,,1991
1991-12-01,,,,,,,,,,,,,,,-0.9009241437589374,,1992
1992-03-01,,,,,,,,,,,,,,,0.006489223699231811,,1992
1992-06-01,,,,,,,,,,,,,,,0.1457099233208134,,1992
1992-09-01,,,,,,,,,,,,,,,-0.40809791237284987,,1992
1992-12-01,,,,,,,,,,,,,,,0.4321998716556613,,1993
1993-03-01,,,,,,,,,,,,,,,0.46480176315582566,,1993
1993-06-01,,,,,,,,,,,,,,,-0.4456100670414774,,1993
1993-09-01,,,,,,,,,,,,,,,0.7142154207993565,,1993
1993-12-01,,,,,,,,,,,,,,,-0.1513809236653463,,1994
1994-03-01,,,,,,,,,,,,,,,-0.5461753405936025,,1994
1994-06-01,,,,,,,,,,,,,,,-0.4885382517573602,,1994
1994-09-01,,,,,,,,,,,,,,,0.005586862581593067,,1994
1994-12-01,,,,,,,,,,,,,,,0.09559444041792536,,1995
1995-03-01,,,,,,,,,,,,,,,1.54880952427819,,1995
1995-06-01,,,,,,,,,,,,,,,0.23324147730198258,,1995
1995-09-01,,,,,,,,,,,,,,,0.5261330080086049,,1995
1995-12-01,,,,,,,,,,,,,,,1.4432944588068086,,1996
1996-03-01,,,,,,,,,,,,,,,-0.10130856142653419,,1996
1996-06-01,,,,,,,,,,,,,,,-0.7235309613482501,,1996
1996-09-01,,,,,,,,,,,,,,,0.7208980409893374,,1996
1996-12-01,,,,,,,,,,,,,,,0.8926518062572067,,1997
1997-03-01,,,,,,,,,,,,,,,0.09620217426518095,,1997
1997-06-01,,,,,,,,,,,,,,,-0.18509207720841658,,1997
1997-09-01,,,,,,,,,,,,,,,0.08443308700460345,,1997
1997-12-01,,,,,,,,,,,,,,,-0.12259925815029135,,1998
1998-03-01,,,,,,,,,,,,,,,-0.5098151614522893,,1998
1998-06-01,,,,,,,,,,,,,,,0.38378256076872813,,1998
1998-09-01,,,,,,,,,,,,,,,-0.13507975635112213,,1998
1998-12-01,,,,,,,,,,,,,,,0.48645512810277375,,1999
1999-03-01,,,,,,,,,,,,,,,0.275660071996007,,1999
1999-06-01,,,,,,,,,,,,,,,1.264381110251994,,1999
1999-09-01,,,,,,,,,,,,,,,-0.9521107216008774,,1999
1999-12-01,,,,,,,,,,,,,,,0.6879535314076142,,2000
2000-03-01,,,,,,,,,,,,,,,-0.15908376981898928,,2000
2000-06-01,,,,,,,,,,,,,,,0.4457654476353012,,2000
2000-09-01,,,,,,,,,,,,,,,-0.613354103917773,,2000
2000-12-01,,,,,,,,,,,,,,,-0.28001087935553637,,2001
2001-03-01,,,,,,,,,,,,,,,-0.15758438021834695,,2001
2001-06-01,,,,,,,,,,,,,,,-0.08760760172067221,,2001
2001-09-01,,,,,,,,,,,,,,,-0.4472154220517724,,2001
2001-12-01,,,,,,,,,,,,,,,-0.6990739925052342,,2002
2002-03-01,,,,,,,,,,,,,,,-1.342806449354343,,2002
2002-06-01,,,,,,,,,,,,,,,-0.3904964635213458,,2002
2002-09-01,,,,,,,,,,,,,,,0.12221292636298105,,2002
2002-12-01,,,,,,,,,,,,,,,-0.6256444494502938,,2003
2003-03-01,,,,,,,,,,,,,,,1.3956314231353988,,2003
2003-06-01,,,,,,,,,,,,,,,1.5037200240820503,,2003
2003-09-01,,,,,,,,,,,,,,,-0.09498051649559457,,2003
2003-12-01,,,,,,,,,,,,,,,-0.5715860202863747,,2004
2004-03-01,,,,,,,,,,,,,,,-0.9215961602985835,,2004
2004-06-01,,,,,,,,,,,,,,,-0.042828730698847024,,2004
2004-09-01,,,,,,,,,,,,,,,-0.2636995951927249,,2004
2004-12-01,,,,,,,,,,,,,,,-0.5061521157448526,,2005
2005-03-01,,,,,,,,,,,,,,,-0.49837160588499396,,2005
2005-06-01,,,,,,,,,,,,,,,-0.23955713879815563,,2005
2005-09-01,,,,,,,,,,,,,,,0.7745897225595996,,2005
2005-12-01,,,,,,,,,,,,,,,0.4282953040421812,,2006
2006-03-01,,,,,,,,,,,,,,,-1.0496988024452731,,2006
2006-06-01,,,,,,,,,,,,,,,0.3281392056743782,,2006
2006-09-01,,,,,,,,,,,,,,,0.9327081139150751,,2006
2006-12-01,,,,,,,,,,,,,,,-0.2243062038372586,,2007
2007-03-01,,,,,,,,,,,,,,,-0.1032092290331986,,2007
2007-06-01,,,,,,,,,,,,,,,0.2416544348800457,,2007
2007-09-01,,,,,,,,,,,,,,,0.3163656479299971,,2007
2007-12-01,,,,,,,,,,,,,,,0.9499067270313689,,2008
2008-03-01,,,,,,,,,,,,,,,-0.27172638631831975,,2008
2008-06-01,,,,,,,,,,,,,,,-0.19713856508866762,,2008
2008-09-01,,,,,,,,,,,,,,,0.05118251986307342,,2008
2008-12-01,,,,,,,,,,,,,,,0.35316270520078136,,2009
2009-03-01,,,,,,,,,,,,,,,0.08479648461494085,,2009
2009-06-01,,,,,,,,,,,,,,,-0.3169570232116076,,2009
2009-09-01,,,,,,,,,,,,,,,-0.38353647090211607,,2009
2009-12-01,,,,,,,,,,,,,,,-0.7175163940359992,,2010
2010-03-01,,,,,,,,,,,,,,,-0.34371673397701785,,2010
2010-06-01,,,,,,,,,,,,,,,0.3883790656818455,,2010
2010-09-01,,,,,,,,,,,,,,,0.6762887389486641,,2010
2010-12-01,,,,,,,,,,,,,,,0.6449098896848738,,2011
2011-03-01,,,,,,,,,,,,,,,1.4258698879231064,,2011
2011-06-01,,,,,,,,,,,,,,,0.2209483990508922,,2011
2011-09-01,,,,,,,,,,,,,,,-0.1839619593388633,,2011
2011-12-01,,,,,,,,,,,,,,,-0.43210703240105347,,2012
2012-03-01,,,,,,,,,,,,,,,-1.2640826633510174,,2012
2012-06-01,,,,,,,,,,,,,,,0.288243711072162,,2012
2012-09-01,,,,,,,,,,,,,,,-0.9392820588563773,,2012
2012-12-01,,,,,,,,,,,,,,,-0.6401534197502076,,2013
2013-03-01,,,,,,,,,,,,,,,0.726232040429059,,2013
2013-06-01,,,,,,,,,,,,,,,-0.3051295645281478,,2013
2013-09-01,,,,,,,,,,,,,,,1.002325116316183,,2013
2013-12-01,,,,,,,,,,,,,,,1.0438361984080857,,2014
2014-03-01,,,,,,,,,,,,,,,0.6304731073436193,,2014
2014-06-01,,,,,,,,,,,,,,,-0.5165389093649296,,2014
2014-09-01,,,,,,,,,,,,,,,0.32806221928991897,,2014
2014-12-01,,,,,,,,,,,,,,,-0.20758701297054186,,2015
2015-03-01,,,,,,,,,,,,,,,0.26213857987236605,,2015
2015-06-01,,,,,,,,,,,,,,,-0.740173954141615,,2015
2015-09-01,,,,,,,,,,,,,,,-0.33509942045552804,,2015
2015-12-01,,,,,,,,,,,,,,,-0.4572507789280816,,2016
2016-03-01,,,,,,,,,,,,,,,-0.34477229077285293,,2016
2016-06-01,,,,,,,,,,,,,,,-0.6193087128318402,,2016
2016-09-01,,,,,,,,,,,,,,,-1.1727375526580306,,2016
2016-12-01,,,,,,,,,,,,,,,1.823822808325682,,2017
2017-03-01,,,,,,,,,,,,,,,-0.3985084102497836,,2017
2017-06-01,,,,,,,,,,,,,,,-0.39024987315050774,,2017
2017-09-01,,,,,,,,,,,,,,,-0.05844340364780298,,2017
2017-12-01,,,,,,,,,,,,,,,-0.11162603742861206,,2018
2018-03-01,,,,,,,,,,,,,,,-0.37583324753593134,,2018
2018-06-01,,,,,,,,,,,,,,,-1.1778963200525545,,2018
2018-09-01,,,,,,,,,,,,,,,0.44689815479099954,,2018
2018-12-01,,,,,,,,,,,,,,,-0.3621025923283659,,2019
2019-03-01,,,,,,,,,,,,,,,0.5615194048032617,,2019
2019-06-01,,,,,,,,,,,,,,,-0.6403965596527176,,2019
2019-09-01,,,,,,,,,,,,,,,-0.2816506315360856,,2019
2019-12-01,,,,,,,,,,,,,,,0.4648153285937083,,2020
2020-03-01,,,,,,,,,,,,,,,-0.35624315405734086,,2020
2020-06-01,,,,,,,,,,,,,,,-0.6574415040056415,,2020
2020-09-01,,,,,,,,,,,,,,,-0.8278914161669603,,2020
2020-12-01,,,,,,,,,,,,,,,-0.4905020239272074,,2021
2021-03-01,,,,,,,,,,,,,,,-0.7192995755500854,,2021
2021-06-01,,,,,,,,,,,,,,,0.34672411395580954,,2021
2021-09-01,,,,,,,,,,,,,,,-0.2525780215316607,,2021
2021-12-01,,,,,,,,,,,,,,,-0.1961786499371809,,2022
2022-03-01,,,,,,,,,,,,,,,-0.3140415690634133,,2022
2022-06-01,,,,,,,,,,,,,,,0.350202747067795,,2022
2022-09-01,,,,,,,,,,,,,,,-0.32053761032150996,,2022
1980-06-01,,,,,,,,,,,,,,,,-0.3050292857066798,1980
1980-09-01,,,,,,,,,,,,,,,,-0.4174366631722193,1980
1980-12-01,,,,,,,,,,,,,,,,-1.093626499751214,1981
1981-03-01,,,,,,,,,,,,,,,,-0.09720145478380468,1981
1981-06-01,,,,,,,,,,,,,,,,-0.00031388754034361344,1981
1981-09-01,,,,,,,,,,,,,,,,-0.5377379014544618,1981
1981-12-01,,,,,,,,,,,,,,,,0.35493361540796853,1982
1982-06-01,,,,,,,,,,,,,,,,0.924620022298376,1982
1982-09-01,,,,,,,,,,,,,,,,-0.06215699821205759,1982
1982-12-01,,,,,,,,,,,,,,,,-0.3857497061384729,1983
1983-03-01,,,,,,,,,,,,,,,,1.738600539611968,1983
1983-06-01,,,,,,,,,,,,,,,,0.9309478811561541,1983
1983-09-01,,,,,,,,,,,,,,,,0.21171636187420753,1983
1983-12-01,,,,,,,,,,,,,,,,0.4735775413153233,1984
1984-03-01,,,,,,,,,,,,,,,,0.25606265682464135,1984
1984-06-01,,,,,,,,,,,,,,,,1.6239068100216292,1984
1984-09-01,,,,,,,,,,,,,,,,0.9044896016266423,1984
1984-12-01,,,,,,,,,,,,,,,,-0.2752405480737738,1985
1985-03-01,,,,,,,,,,,,,,,,-0.20313015280754207,1985
1985-06-01,,,,,,,,,,,,,,,,-0.5498085726679592,1985
1985-09-01,,,,,,,,,,,,,,,,1.5602432622752789,1985
1985-12-01,,,,,,,,,,,,,,,,0.754319226181462,1986
1986-03-01,,,,,,,,,,,,,,,,-0.4915344734962177,1986
1986-06-01,,,,,,,,,,,,,,,,0.6418313810737961,1986
1986-09-01,,,,,,,,,,,,,,,,0.04797170793507275,1986
1986-12-01,,,,,,,,,,,,,,,,-0.6983646717974415,1987
1987-03-01,,,,,,,,,,,,,,,,-0.8890580052345419,1987
1987-06-01,,,,,,,,,,,,,,,,0.04444889047918638,1987
1987-09-01,,,,,,,,,,,,,,,,-0.28928118690346954,1987
1987-12-01,,,,,,,,,,,,,,,,0.07841485528285659,1988
1988-03-01,,,,,,,,,,,,,,,,-0.08813769039503914,1988
1988-06-01,,,,,,,,,,,,,,,,-0.3868254272019185,1988
1988-09-01,,,,,,,,,,,,,,,,-0.09559172156076479,1988
1988-12-01,,,,,,,,,,,,,,,,-0.38871909636560437,1989
1989-03-01,,,,,,,,,,,,,,,,0.5157042494462317,1989
1989-06-01,,,,,,,,,,,,,,,,-0.09367103071714179,1989
1989-09-01,,,,,,,,,,,,,,,,-0.44242515350095213,1989
1989-12-01,,,,,,,,,,,,,,,,-0.2542464203163989,1990
1990-03-01,,,,,,,,,,,,,,,,0.555945134058604,1990
1990-06-01,,,,,,,,,,,,,,,,-0.5577293804596207,1990
1990-09-01,,,,,,,,,,,,,,,,-0.13383702984053852,1990
1990-12-01,,,,,,,,,,,,,,,,-0.6838491425012636,1991
1991-03-01,,,,,,,,,,,,,,,,0.7632322859769876,1991
1991-06-01,,,,,,,,,,,,,,,,0.2739044643807736,1991
1991-09-01,,,,,,,,,,,,,,,,0.007536844315852638,1991
1991-12-01,,,,,,,,,,,,,,,,-0.8902428396096036,1992
1992-03-01,,,,,,,,,,,,,,,,0.01661278631959373,1992
1992-06-01,,,,,,,,,,,,,,,,0.14297464539996238,1992
1992-09-01,,,,,,,,,,,,,,,,-0.40809791237285037,1992
1992-12-01,,,,,,,,,,,,,,,,0.4308927242360424,1993
1993-03-01,,,,,,,,,,,,,,,,0.4902662074952665,1993
1993-06-01,,,,,,,,,,,,,,,,-0.4474063589391996,1993
1993-09-01,,,,,,,,,,,,,,,,0.7142154207993561,1993
1993-12-01,,,,,,,,,,,,,,,,-0.14495937486274546,1994
1994-03-01,,,,,,,,,,,,,,,,-0.5429112835359603,1994
1994-06-01,,,,,,,,,,,,,,,,-0.4884755255498579,1994
1994-09-01,,,,,,,,,,,,,,,,0.005586862581592838,1994
1994-12-01,,,,,,,,,,,,,,,,0.09595690185168593,1995
1995-03-01,,,,,,,,,,,,,,,,1.5681879908816123,1995
1995-06-01,,,,,,,,,,,,,,,,0.2245508472411319,1995
1995-09-01,,,,,,,,,,,,,,,,0.5261330080086046,1995
1995-12-01,,,,,,,,,,,,,,,,1.4392006344011454,1996
1996-03-01,,,,,,,,,,,,,,,,-0.0993152111306277,1996
1996-06-01,,,,,,,,,,,,,,,,-0.7241869229073358,1996
1996-09-01,,,,,,,,,,,,,,,,0.7208980409893372,1996
1996-12-01,,,,,,,,,,,,,,,,0.9008391625199574,1997
1997-03-01,,,,,,,,,,,,,,,,0.10776296361160882,1997
1997-06-01,,,,,,,,,,,,,,,,-0.18646672653408955,1997
1997-09-01,,,,,,,,,,,,,,,,0.08443308700460324,1997
1997-12-01,,,,,,,,,,,,,,,,-0.11654177153754305,1998
1998-03-01,,,,,,,,,,,,,,,,-0.5014505823062638,1998
1998-06-01,,,,,,,,,,,,,,,,0.3742630938130194,1998
1998-09-01,,,,,,,,,,,,,,,,-0.13507975635112224,1998
1998-12-01,,,,,,,,,,,,,,,,0.48936579422230475,1999
1999-03-01,,,,,,,,,,,,,,,,0.2907066039541711,1999
1999-06-01,,,,,,,,,,,,,,,,1.2491554859113085,1999
1999-09-01,,,,,,,,,,,,,,,,-0.9521107216008774,1999
1999-12-01,,,,,,,,,,,,,,,,0.688326135380077,2000
2000-03-01,,,,,,,,,,,,,,,,-0.15110158899215537,2000
2000-06-01,,,,,,,,,,,,,,,,0.4438734548585496,2000
2000-09-01,,,,,,,,,,,,,,,,-0.6133541039177729,2000
2000-12-01,,,,,,,,,,,,,,,,-0.2701914167809781,2001
2001-03-01,,,,,,,,,,,,,,,,-0.15002391316463384,2001
2001-06-01,,,,,,,,,,,,,,,,-0.09329888333766151,2001
2001-09-01,,,,,,,,,,,,,,,,-0.4472154220517727,2001
2001-12-01,,,,,,,,,,,,,,,,-0.6884427846724569,2002
2002-03-01,,,,,,,,,,,,,,,,-1.3629788534421985,2002
2002-06-01,,,,,,,,,,,,,,,,-0.39070188600989963,2002
2002-09-01,,,,,,,,,,,,,,,,0.12221292636298042,2002
2002-12-01,,,,,,,,,,,,,,,,-0.6182269126849058,2003
2003-03-01,,,,,,,,,,,,,,,,1.4363452655296995,2003
2003-06-01,,,,,,,,,,,,,,,,1.4893132940787732,2003
2003-09-01,,,,,,,,,,,,,,,,-0.09498051649559468,2003
2003-12-01,,,,,,,,,,,,,,,,-0.5622334982602173,2004
2004-03-01,,,,,,,,,,,,,,,,-0.9205025524901318,2004
2004-06-01,,,,,,,,,,,,,,,,-0.048908252697612044,2004
2004-09-01,,,,,,,,,,,,,,,,-0.2636995951927253,2004
2004-12-01,,,,,,,,,,,,,,,,-0.4964875478422635,2005
2005-03-01,,,,,,,,,,,,,,,,-0.4906405337667153,2005
2005-06-01,,,,,,,,,,,,,,,,-0.24225901452873297,2005
2005-09-01,,,,,,,,,,,,,,,,0.7745897225595995,2005
2005-12-01,,,,,,,,,,,,,,,,0.4367589090401853,2006
2006-03-01,,,,,,,,,,,,,,,,-1.062143986622895,2006
2006-06-01,,,,,,,,,,,,,,,,0.3202873550658355,2006
2006-09-01,,,,,,,,,,,,,,,,0.9327081139150751,2006
2006-12-01,,,,,,,,,,,,,,,,-0.2176000211472331,2007
2007-03-01,,,,,,,,,,,,,,,,-0.0849967403769393,2007
2007-06-01,,,,,,,,,,,,,,,,0.23835396306860138,2007
2007-09-01,,,,,,,,,,,,,,,,0.31636564792999644,2007
2007-12-01,,,,,,,,,,,,,,,,0.9500093419011602,2008
2008-03-01,,,,,,,,,,,,,,,,-0.2752999565832242,2008
2008-06-01,,,,,,,,,,,,,,,,-0.1973439875772211,2008
2008-09-01,,,,,,,,,,,,,,,,0.05118251986307288,2008
2008-12-01,,,,,,,,,,,,,,,,0.359103030326331,2009
2009-03-01,,,,,,,,,,,,,,,,0.09752097791374072,2009
2009-06-01,,,,,,,,,,,,,,,,-0.3227395000158351,2009
2009-09-01,,,,,,,,,,,,,,,,-0.38353647090211634,2009
2009-12-01,,,,,,,,,,,,,,,,-0.7079522173162662,2010
2010-03-01,,,,,,,,,,,,,,,,-0.33664335758926023,2010
2010-06-01,,,,,,,,,,,,,,,,0.3808910646483877,2010
2010-09-01,,,,,,,,,,,,,,,,0.6762887389486644,2010
2010-12-01,,,,,,,,,,,,,,,,0.6497789911212938,2011
2011-03-01,,,,,,,,,,,,,,,,1.461006267462837,2011
2011-06-01,,,,,,,,,,,,,,,,0.21460072835607144,2011
2011-09-01,,,,,,,,,,,,,,,,-0.18396195933886383,2011
2011-12-01,,,,,,,,,,,,,,,,-0.42566922882461716,2012
2012-03-01,,,,,,,,,,,,,,,,-1.2758219705895655,2012
2012-06-01,,,,,,,,,,,,,,,,0.2838318054205624,2012
2012-09-01,,,,,,,,,,,,,,,,-0.9392820588563776,2012
2012-12-01,,,,,,,,,,,,,,,,-0.6293882801258897,2013
2013-03-01,,,,,,,,,,,,,,,,0.7448536843975713,2013
2013-06-01,,,,,,,,,,,,,,,,-0.30360056628898846,2013
2013-09-01,,,,,,,,,,,,,,,,1.0023251163161833,2013
2013-12-01,,,,,,,,,,,,,,,,1.0403279075450094,2014
2014-03-01,,,,,,,,,,,,,,,,0.6380399334923598,2014
2014-06-01,,,,,,,,,,,,,,,,-0.5137115812193482,2014
2014-09-01,,,,,,,,,,,,,,,,0.3280622192899186,2014
2014-12-01,,,,,,,,,,,,,,,,-0.1995752836169899,2015
2015-03-01,,,,,,,,,,,,,,,,0.2595131295004656,2015
2015-06-01,,,,,,,,,,,,,,,,-0.7416921547858321,2015
2015-09-01,,,,,,,,,,,,,,,,-0.3350994204555284,2015
2015-12-01,,,,,,,,,,,,,,,,-0.4463123205753793,2016
2016-03-01,,,,,,,,,,,,,,,,-0.34168908677804305,2016
2016-06-01,,,,,,,,,,,,,,,,-0.616653832503285,2016
2016-09-01,,,,,,,,,,,,,,,,-1.1727375526580306,2016
2016-12-01,,,,,,,,,,,,,,,,1.8245658716104398,2017
2017-03-01,,,,,,,,,,,,,,,,-0.4079192216354422,2017
2017-06-01,,,,,,,,,,,,,,,,-0.3916290281679717,2017
2017-09-01,,,,,,,,,,,,,,,,-0.0584434036478031,2017
2017-12-01,,,,,,,,,,,,,,,,-0.10469810949244651,2018
2018-03-01,,,,,,,,,,,,,,,,-0.3680626637667276,2018
2018-06-01,,,,,,,,,,,,,,,,-1.1735214672455276,2018
2018-09-01,,,,,,,,,,,,,,,,0.4468981547909993,2018
2018-12-01,,,,,,,,,,,,,,,,-0.3542415650706969,2019
2019-03-01,,,,,,,,,,,,,,,,0.5794199469830482,2019
2019-06-01,,,,,,,,,,,,,,,,-0.6411292681498003,2019
2019-09-01,,,,,,,,,,,,,,,,-0.28165063153608555,2019
2019-12-01,,,,,,,,,,,,,,,,0.4661181484849915,2020
2020-03-01,,,,,,,,,,,,,,,,-0.3422823906978457,2020
2020-06-01,,,,,,,,,,,,,,,,-0.6604738271210305,2020
2020-09-01,,,,,,,,,,,,,,,,-0.8278914161669606,2020
2020-12-01,,,,,,,,,,,,,,,,-0.4829673256746206,2021
2021-03-01,,,,,,,,,,,,,,,,-0.7272916853715791,2021
2021-06-01,,,,,,,,,,,,,,,,0.3374204395648507,2021
2021-09-01,,,,,,,,,,,,,,,,-0.25257802153166076,2021
2021-12-01,,,,,,,,,,,,,,,,-0.1861625975729957,2022
2022-03-01,,,,,,,,,,,,,,,,-0.3096432679030551,2022
2022-06-01,,,,,,,,,,,,,,,,0.34921633812389824,2022
2022-09-01,,,,,,,,,,,,,,,,-0.32053761032150996,2022
